"@timestamp",cId,StartTs,Duration
"2023-06-09T21:17:03.431792676Z",1008,1686345422481,684
"2023-06-09T21:17:03.374365464Z",1008,1686345422481,664
"2023-06-09T21:16:56.389062166Z",41699,1686345414765,620
"2023-06-09T21:16:56.313043886Z",41699,1686345414765,714
"2023-06-09T21:16:56.200529440Z",41699,1686345414765,616
"2023-06-09T21:16:56.198973980Z",41699,1686345414765,717
"2023-06-09T21:16:56.198962443Z",41699,1686345414765,624
"2023-06-09T21:16:56.405964473Z",41699,1686345414765,719
"2023-06-09T21:16:56.386849994Z",41699,1686345414765,624
"2023-06-09T21:16:55.455201915Z",41699,1686345414765,624
"2023-06-09T21:16:55.455198062Z",41699,1686345414765,617
"2023-06-09T21:16:54.456078Z",40065,1686345412958,654
"2023-06-09T21:16:54.456052715Z",40065,1686345412958,461
"2023-06-09T21:16:50.473616937Z",70135,1686345408898,612
"2023-06-09T21:16:50.473612542Z",70135,1686345408898,511
"2023-06-09T21:16:50.451678683Z",389,1686345409437,540
"2023-06-09T21:16:50.451675887Z",389,1686345409437,538
"2023-06-09T21:16:50.354980665Z",389,1686345409437,547
"2023-06-09T21:16:50.193803033Z",389,1686345409437,355
"2023-06-09T21:16:50.274138479Z",389,1686345409437,655
"2023-06-09T21:16:50.194965797Z",389,1686345409437,255
"2023-06-09T21:16:50.193813143Z",389,1686345409437,639
"2023-06-09T21:16:42.137788450Z",130,1686345400699,578
"2023-06-09T21:16:42.137784465Z",130,1686345400699,487
"2023-06-09T21:16:41.473278971Z",130,1686345400699,587
"2023-06-09T21:16:34.090620167Z",38,1686345390906,568
"2023-06-09T21:16:30.372307879Z",2,1686345389444,800
"2023-06-09T21:16:30.372301080Z",2,1686345389444,755
"2023-06-09T21:16:30.372290615Z",2,1686345389444,707
"2023-06-09T21:16:30.372283726Z",2,1686345389444,663
"2023-06-09T21:16:30.372275023Z",2,1686345389444,616
"2023-06-09T21:16:27.450634171Z",40791,1686345386191,502
"2023-06-09T21:16:24.467990033Z",40034,1686345382758,821
"2023-06-09T21:16:24.467988153Z",40034,1686345382758,821
"2023-06-09T21:16:24.455026987Z",40034,1686345382758,819
"2023-06-09T21:16:24.454991239Z",40034,1686345382758,730
"2023-06-09T21:16:23.452096139Z",40707,1686345382423,668
"2023-06-09T21:16:23.311696761Z",40707,1686345382423,667
"2023-06-09T21:16:23.311693060Z",40707,1686345382423,660
"2023-06-09T21:16:23.311674122Z",40707,1686345382423,565
"2023-06-09T21:16:23.452045569Z",40034,1686345382758,640
"2023-06-09T21:16:20.443071628Z",41699,1686345379368,652
"2023-06-09T21:16:20.443035964Z",41699,1686345379368,369
"2023-06-09T21:16:20.443034014Z",41699,1686345379368,369
"2023-06-09T21:16:20.443018630Z",41699,1686345379368,271
"2023-06-09T21:16:20.407384673Z",41699,1686345379368,368
"2023-06-09T21:16:20.407362983Z",41699,1686345379368,186
"2023-06-09T21:16:20.386699577Z",41699,1686345379368,369
"2023-06-09T21:16:20.386693417Z",41699,1686345379368,267
"2023-06-09T21:16:20.467559632Z",41699,1686345379368,650
"2023-06-09T21:16:20.467486805Z",41699,1686345379368,273
"2023-06-09T21:16:20.450721728Z",41699,1686345379368,765
"2023-06-09T21:16:20.443079780Z",41699,1686345379368,747
"2023-06-09T21:16:20.432802904Z",41699,1686345379368,645
"2023-06-09T21:16:20.392093575Z",41699,1686345379368,675
"2023-06-09T21:15:59.493042223Z",773,1686345358139,679
"2023-06-09T21:15:56.488644166Z",515,1686345355082,811
"2023-06-09T21:15:56.488639927Z",515,1686345355082,719
"2023-06-09T21:15:56.488542311Z",515,1686345355082,426
"2023-06-09T21:15:56.488540301Z",515,1686345355082,425
"2023-06-09T21:15:56.386225747Z",515,1686345355082,323
"2023-06-09T21:15:56.337732017Z",515,1686345355082,813
"2023-06-09T21:15:56.337728217Z",515,1686345355082,715
"2023-06-09T21:15:56.337645368Z",515,1686345355082,317
"2023-06-09T21:15:56.448844658Z",41738,1686345355479,566
"2023-06-09T21:15:56.388737237Z",41738,1686345355479,564
"2023-06-09T21:15:55.495889026Z",515,1686345355082,325
"2023-06-09T21:15:55.495886935Z",515,1686345355082,325
"2023-06-09T21:15:52.465280436Z",41222,1686345350591,1007
"2023-06-09T21:15:52.388072488Z",41222,1686345350591,914
"2023-06-09T21:15:52.388066704Z",40006,1686345350793,636
"2023-06-09T21:15:52.388064466Z",40006,1686345350793,631
"2023-06-09T21:15:46.090851104Z",38,1686345343474,543
"2023-06-09T21:15:46.179645436Z",38,1686345344240,542
"2023-06-09T21:15:45.485096651Z",764,1686345339791,567
"2023-06-09T21:15:42.495151971Z",764,1686345341057,561
"2023-06-09T21:15:42.386003816Z",764,1686345340265,558
"2023-06-09T21:15:40.464321015Z",40379,1686345339445,506
"2023-06-09T21:15:40.400010397Z",40379,1686345339445,524
"2023-06-09T21:15:40.452397477Z",40379,1686345339445,517
"2023-06-09T21:15:39.499491851Z",764,1686345338078,461
"2023-06-09T21:15:29.187254166Z",40677,1686345327848,901
"2023-06-09T21:15:29.187252070Z",40677,1686345327848,901
"2023-06-09T21:15:29.463312519Z",40677,1686345327848,555
"2023-06-09T21:15:26.849939188Z",3,1686345317094,9599
"2023-06-09T21:15:25.840062775Z",3,1686345317154,8466
"2023-06-09T21:15:25.384989466Z",40677,1686345323751,1188
"2023-06-09T21:15:24.727568556Z",369,1686345321978,875
"2023-06-09T21:15:24.430570790Z",369,1686345321978,876
"2023-06-09T21:15:24.386473271Z",369,1686345321978,879
"2023-06-09T21:15:24.500528202Z",369,1686345321978,874
"2023-06-09T21:15:24.495877753Z",369,1686345321978,780
"2023-06-09T21:15:24.488354686Z",369,1686345321978,786
"2023-06-09T21:15:23.726428534Z",369,1686345321978,777
"2023-06-09T21:15:23.726424422Z",369,1686345321978,493
"2023-06-09T21:15:24.193175907Z",40487,1686345322595,625
"2023-06-09T21:15:24.188647215Z",40487,1686345322595,630
"2023-06-09T21:15:23.495063933Z",369,1686345321978,774
"2023-06-09T21:15:23.495057021Z",369,1686345321978,499
"2023-06-09T21:15:23.485347143Z",369,1686345321978,476
"2023-06-09T21:15:23.371578943Z",369,1686345321978,473
"2023-06-09T21:15:23.371574750Z",369,1686345321978,395
"2023-06-09T21:15:23.371572253Z",369,1686345321978,386
"2023-06-09T21:15:23.336870054Z",369,1686345321978,827
"2023-06-09T21:15:23.336866316Z",369,1686345321978,783
"2023-06-09T21:15:23.336864298Z",369,1686345321978,774
"2023-06-09T21:15:23.336858720Z",369,1686345321978,386
"2023-06-09T21:15:23.336856608Z",369,1686345321978,378
"2023-06-09T21:15:23.452386553Z",40487,1686345322595,622
"2023-06-09T21:15:23.452384570Z",40487,1686345322595,621
"2023-06-09T21:15:22.495500694Z",369,1686345321978,487
"2023-06-09T21:15:22.495495573Z",369,1686345321978,393
"2023-06-09T21:15:22.495493795Z",369,1686345321978,390
"2023-06-09T21:15:22.386486547Z",369,1686345321978,387
"2023-06-09T21:15:22.386484707Z",369,1686345321978,386
"2023-06-09T21:15:22.386483007Z",369,1686345321978,380
"2023-06-09T21:15:22.386465651Z",988,1686345320864,661
"2023-06-09T21:15:22.386462034Z",988,1686345320864,561
"2023-06-09T21:15:22.372042780Z",369,1686345321978,380
"2023-06-09T21:15:23.215469853Z",38,1686345319122,545
"2023-06-09T21:15:22.499102697Z",369,1686345321978,473
"2023-06-09T21:15:22.499099009Z",369,1686345321978,387
"2023-06-09T21:18:02.274340843Z",87,1686345480673,546
"2023-06-09T21:17:58.449317190Z",77,1686345476962,568
"2023-06-09T21:17:58.299115288Z",77,1686345476855,503
"2023-06-09T21:17:58.386327090Z",77,1686345477328,564
"2023-06-09T21:17:58.299119458Z",77,1686345477467,494
"2023-06-09T21:17:47.473633143Z",70151,1686345465961,698
"2023-06-09T21:17:47.473628075Z",70151,1686345465961,603
"2023-06-09T21:17:37.490480851Z",773,1686345455840,734
"2023-06-09T21:17:37.440545972Z",773,1686345455840,635
"2023-06-09T21:17:37.387110010Z",773,1686345455840,746
"2023-06-09T21:17:37.387108270Z",773,1686345455840,740
"2023-06-09T21:17:37.387099158Z",773,1686345455840,671
"2023-06-09T21:17:36.430404137Z",40543,1686345455156,549
"2023-06-09T21:17:36.397476576Z",40125,1686345453023,2715
"2023-06-09T21:17:17.502271977Z",423,1686345435930,703
"2023-06-09T21:17:17.376251731Z",423,1686345435930,552
"2023-06-09T21:17:17.443907018Z",423,1686345435930,646
"2023-06-09T21:17:17.443905079Z",423,1686345435930,643
"2023-06-09T21:17:17.443890649Z",423,1686345435930,556
"2023-06-09T21:17:11.463577449Z",70151,1686345430538,634
"2023-06-09T21:17:11.463574311Z",70151,1686345430538,616
"2023-06-09T21:17:11.463571156Z",70151,1686345430538,580
"2023-06-09T21:17:11.463567950Z",70151,1686345430538,562
"2023-06-09T21:17:11.463564679Z",70151,1686345430538,542
"2023-06-09T21:17:11.463562787Z",70151,1686345430538,542
"2023-06-09T21:17:12.091168071Z",197,1686345430427,806
"2023-06-09T21:17:12.091165994Z",197,1686345430427,798
"2023-06-09T21:17:12.179898516Z",197,1686345430427,806
"2023-06-09T21:17:08.137934833Z",50,1686345424662,692
"2023-06-09T21:17:07.275219833Z",389,1686345425698,732
"2023-06-09T21:17:06.461040530Z",389,1686345425698,540
"2023-06-09T21:17:06.303401877Z",389,1686345425698,433
"2023-06-09T21:17:06.461038627Z",389,1686345425698,539
"2023-06-09T21:17:06.303403802Z",389,1686345425698,438
"2023-06-09T21:17:05.467441539Z",70135,1686345424047,622
"2023-06-09T21:17:05.467436445Z",70135,1686345424047,529
"2023-06-09T21:17:05.467434712Z",70135,1686345424047,526
"2023-06-09T21:17:05.467432933Z",70135,1686345424047,524
"2023-06-09T21:17:05.467426330Z",70135,1686345424047,440
"2023-06-09T21:17:03.727199982Z",1008,1686345422481,668
"2023-06-09T21:17:04.836737674Z",70135,1686345424047,628
"2023-06-09T21:17:28.417588939Z",22541,1686345446956,611
"2023-06-09T21:17:27.460589555Z",22236,1686345446341,518
"2023-06-09T21:17:18.457755364Z",20793,1686345437446,547
"2023-06-09T21:17:12.322397508Z",21154,1686345430974,615
"2023-06-09T21:17:12.322396009Z",21154,1686345430974,609
"2023-06-09T21:17:12.340133143Z",21154,1686345430974,616
"2023-06-09T21:17:09.330445048Z",20793,1686345427804,572
"2023-06-09T21:17:08.386427509Z",87,1686345426120,1528
"2023-06-09T21:17:08.196217917Z",389,1686345425698,735
"2023-06-09T21:17:07.193803608Z",87,1686345426120,419
"2023-06-09T21:17:07.193791982Z",389,1686345425698,629
"2023-06-09T21:17:07.386309377Z",389,1686345425698,631
"2023-06-09T21:17:07.357884930Z",389,1686345425698,729
"2023-06-09T21:17:07.300576831Z",389,1686345425698,728
"2023-06-09T21:17:07.300564598Z",389,1686345425698,534
"2023-06-09T21:17:07.472283249Z",389,1686345425698,851
"2023-06-09T21:17:07.450653387Z",389,1686345425698,821
"2023-06-09T21:17:07.402470220Z",389,1686345425698,539
"2023-06-09T21:17:07.387999698Z",389,1686345425698,836
"2023-06-09T21:17:07.194244791Z",389,1686345425698,621
"2023-06-09T21:17:07.193801926Z",389,1686345425698,833
"2023-06-09T21:17:07.193785281Z",389,1686345425698,531
"2023-06-09T21:17:07.386318517Z",87,1686345426120,516
"2023-06-09T21:17:07.357893027Z",389,1686345425698,841
"2023-06-09T21:17:07.357880656Z",389,1686345425698,530
"2023-06-09T21:17:06.385124195Z",40390,1686345425292,687
"2023-06-09T21:17:06.466859963Z",389,1686345425698,530
"2023-06-09T21:17:06.210219409Z",389,1686345425698,424
"2023-06-09T21:17:06.357532885Z",389,1686345425698,527
"2023-06-09T21:17:06.357519942Z",389,1686345425698,431
"2023-06-09T21:17:06.357514129Z",389,1686345425698,418
"2023-06-09T21:17:06.210223223Z",389,1686345425698,441
"2023-06-09T21:17:06.357529041Z",389,1686345425698,519
"2023-06-09T21:17:03.300008641Z",118,1686345421251,570
"2023-06-09T21:17:02.499292163Z",20793,1686345421183,496
"2023-06-09T21:17:00.450347979Z",20793,1686345419071,516
"2023-06-09T21:17:00.476771858Z",20793,1686345419297,567
"2023-06-09T21:17:00.478609808Z",20793,1686345419297,559
"2023-06-09T21:17:00.476773316Z",20793,1686345419297,567
"2023-06-09T21:16:58.453372211Z",20268,1686345417771,558
"2023-06-09T21:16:58.452968192Z",20559,1686345417107,564
"2023-06-09T21:16:58.480137869Z",20268,1686345417781,571
"2023-06-09T21:16:58.479944227Z",20559,1686345417398,487
"2023-06-09T21:16:56.456726468Z",41699,1686345414765,718
"2023-06-09T21:16:56.411340914Z",41699,1686345414765,710
"2023-06-09T21:16:56.476647129Z",20793,1686345415098,490
"2023-06-09T21:16:56.512252641Z",20793,1686345415098,470
"2023-06-09T21:16:55.410563415Z",41699,1686345414765,313
"2023-06-09T21:16:55.501816159Z",20220,1686345414405,862
"2023-06-09T21:16:55.501536675Z",20220,1686345414405,558
"2023-06-09T21:16:55.479551199Z",20220,1686345414405,916
"2023-06-09T21:16:55.479543945Z",20220,1686345414405,862
"2023-06-09T21:16:55.479382302Z",20220,1686345414405,780
"2023-06-09T21:16:55.479262807Z",20220,1686345414405,543
"2023-06-09T21:16:55.475805115Z",20793,1686345414754,568
"2023-06-09T21:16:55.475503289Z",20793,1686345414450,592
"2023-06-09T21:16:55.475499775Z",20793,1686345414450,573
"2023-06-09T21:16:55.475494002Z",20220,1686345414405,536
"2023-06-09T21:16:55.475486624Z",20793,1686345414245,578
"2023-06-09T21:16:55.475484785Z",20793,1686345414245,575
"2023-06-09T21:16:55.455674962Z",20793,1686345414754,434
"2023-06-09T21:16:55.455445747Z",20220,1686345414405,554
"2023-06-09T21:16:55.453357160Z",20220,1686345414405,808
"2023-06-09T21:16:55.453205464Z",20220,1686345414405,543
"2023-06-09T21:16:55.501540385Z",20793,1686345414497,527
"2023-06-09T21:16:55.501534884Z",20220,1686345414405,556
"2023-06-09T21:16:55.501533077Z",20220,1686345414405,544
"2023-06-09T21:16:55.479264721Z",20220,1686345414405,544
"2023-06-09T21:16:55.455449469Z",20793,1686345414497,553
"2023-06-09T21:16:55.455443837Z",20220,1686345414405,544
"2023-06-09T21:16:55.456845304Z",20220,1686345414405,553
"2023-06-09T21:16:55.456843435Z",20220,1686345414405,551
"2023-06-09T21:16:55.491711380Z",20793,1686345414475,568
"2023-06-09T21:16:55.491705951Z",20220,1686345414405,551
"2023-06-09T21:16:55.491704207Z",20220,1686345414405,544
"2023-06-09T21:16:55.455090334Z",20793,1686345414841,475
"2023-06-09T21:16:55.454965399Z",20220,1686345414405,557
"2023-06-09T21:16:54.388478451Z",40065,1686345412958,669
"2023-06-09T21:16:54.388476259Z",40065,1686345412958,669
"2023-06-09T21:16:54.391187807Z",40065,1686345412958,451
"2023-06-09T21:16:45.502921137Z",20666,1686345404032,607
"2023-06-09T21:16:41.471925560Z",498,1686345399732,712
"2023-06-09T21:16:41.387198353Z",498,1686345399732,665
"2023-06-09T21:16:39.450025917Z",299,1686345398064,685
"2023-06-09T21:16:33.464272253Z",389,1686345392099,926
"2023-06-09T21:16:33.464270270Z",389,1686345392099,925
"2023-06-09T21:16:33.464264544Z",389,1686345392099,739
"2023-06-09T21:16:33.452944260Z",389,1686345392099,650
"2023-06-09T21:16:33.205011591Z",389,1686345392099,736
"2023-06-09T21:16:33.204995471Z",389,1686345392099,639
"2023-06-09T21:16:33.388238390Z",389,1686345392099,641
"2023-06-09T21:16:33.301217182Z",389,1686345392099,650
"2023-06-09T21:16:33.301213746Z",389,1686345392099,640
"2023-06-09T21:16:33.457035831Z",389,1686345392099,1031
"2023-06-09T21:16:33.457014732Z",389,1686345392099,744
"2023-06-09T21:16:33.456997184Z",389,1686345392099,662
"2023-06-09T21:16:33.386800769Z",389,1686345392099,1126
"2023-06-09T21:16:33.386775722Z",389,1686345392099,655
"2023-06-09T21:16:33.386773771Z",389,1686345392099,654
"2023-06-09T21:16:33.193286209Z",389,1686345392099,750
"2023-06-09T21:16:33.193273634Z",389,1686345392099,651
"2023-06-09T21:16:33.193271891Z",389,1686345392099,646
"2023-06-09T21:16:33.193270259Z",389,1686345392099,646
"2023-06-09T21:16:22.499980349Z",21792,1686345381303,450
"2023-06-09T21:15:58.343976973Z",20191,1686345357400,467
"2023-06-09T21:15:57.460744479Z",20793,1686345356837,494
"2023-06-09T21:15:57.501230095Z",20268,1686345357141,216
"2023-06-09T21:15:57.460740852Z",20793,1686345356837,472
"2023-06-09T21:15:55.449744727Z",22105,1686345353394,1420
"2023-06-09T21:15:55.462258200Z",22105,1686345353394,1124
"2023-06-09T21:15:55.412613927Z",22105,1686345353394,1031
"2023-06-09T21:15:55.405994226Z",22105,1686345353394,1119
"2023-06-09T21:15:40.456358708Z",20793,1686345339124,674
"2023-06-09T21:15:40.329759276Z",20562,1686345338962,636
"2023-06-09T21:15:40.329749228Z",20562,1686345338962,587
"2023-06-09T21:15:34.450814552Z",299,1686345333000,653
"2023-06-09T21:15:34.450812819Z",299,1686345333000,649
"2023-06-09T21:15:34.451269563Z",299,1686345333000,650
"2023-06-09T21:15:34.386238860Z",299,1686345333000,651
"2023-06-09T21:15:34.451275268Z",299,1686345333000,751
"2023-06-09T21:15:30.302083596Z",87,1686345328933,531
"2023-06-09T21:15:28.451160881Z",61,1686345327046,690
"2023-06-09T21:15:26.457616933Z",21104,1686345325105,569
"2023-06-09T21:15:26.457684953Z",21104,1686345325105,638
"2023-06-09T21:15:26.457673827Z",21104,1686345325105,611
"2023-06-09T21:15:26.457620424Z",21104,1686345325105,589
"2023-06-09T21:15:26.457613195Z",21104,1686345325105,546
"2023-06-09T21:18:15.463978429Z",117,1686345491388,3066
"2023-06-09T21:18:15.356008743Z",117,1686345491388,3053
"2023-06-09T21:18:15.356000858Z",117,1686345491388,3033
"2023-06-09T21:18:15.355997040Z",117,1686345491388,3022
"2023-06-09T21:18:15.355991089Z",117,1686345491388,2998
"2023-06-09T21:18:15.355986077Z",117,1686345491388,2959
"2023-06-09T21:18:15.449990885Z",117,1686345491388,3052
"2023-06-09T21:18:15.196511950Z",117,1686345491388,3028
"2023-06-09T21:18:15.196505502Z",117,1686345491388,3005
"2023-06-09T21:18:15.196502031Z",117,1686345491388,3001
"2023-06-09T21:18:15.195361928Z",117,1686345491388,3051
"2023-06-09T21:18:15.195352309Z",117,1686345491388,3040
"2023-06-09T21:18:15.195342209Z",117,1686345491388,3032
"2023-06-09T21:18:15.195340164Z",117,1686345491388,3031
"2023-06-09T21:18:15.195334502Z",117,1686345491388,3023
"2023-06-09T21:18:15.195332614Z",117,1686345491388,3023
"2023-06-09T21:18:15.195318157Z",117,1686345491388,3004
"2023-06-09T21:18:15.195296891Z",117,1686345491388,2960
"2023-06-09T21:18:15.195289309Z",117,1686345491388,2886
"2023-06-09T21:18:15.456234303Z",117,1686345491388,3057
"2023-06-09T21:18:15.356004765Z",117,1686345491388,3046
"2023-06-09T21:18:15.196515266Z",117,1686345491388,3047
"2023-06-09T21:18:15.196513608Z",117,1686345491388,3045
"2023-06-09T21:18:15.196503855Z",117,1686345491388,3003
"2023-06-09T21:18:15.196488453Z",117,1686345491388,2497
"2023-06-09T21:18:15.195367703Z",117,1686345491388,3064
"2023-06-09T21:18:15.195363767Z",117,1686345491388,3052
"2023-06-09T21:18:15.195356025Z",117,1686345491388,3045
"2023-06-09T21:18:15.195354213Z",117,1686345491388,3044
"2023-06-09T21:18:15.195346092Z",117,1686345491388,3035
"2023-06-09T21:18:15.195344213Z",117,1686345491388,3033
"2023-06-09T21:18:15.195316017Z",117,1686345491388,3002
"2023-06-09T21:18:15.195314149Z",117,1686345491388,3002
"2023-06-09T21:18:15.195312262Z",117,1686345491388,3001
"2023-06-09T21:18:15.195310427Z",117,1686345491388,2999
"2023-06-09T21:18:15.195298970Z",117,1686345491388,2963
"2023-06-09T21:18:15.195291353Z",117,1686345491388,2889
"2023-06-09T21:18:14.449658736Z",117,1686345491388,3054
"2023-06-09T21:18:14.449652011Z",117,1686345491388,3040
"2023-06-09T21:18:14.449633944Z",117,1686345491388,3024
"2023-06-09T21:18:14.449622044Z",117,1686345491388,3009
"2023-06-09T21:18:14.449610228Z",117,1686345491388,3001
"2023-06-09T21:18:14.449597741Z",117,1686345491388,2891
"2023-06-09T21:18:14.449591618Z",117,1686345491388,2510
"2023-06-09T21:18:14.449583306Z",117,1686345491388,2190
"2023-06-09T21:18:14.449579192Z",117,1686345491388,2180
"2023-06-09T21:18:14.449560253Z",117,1686345491388,2163
"2023-06-09T21:18:14.449558208Z",117,1686345491388,2159
"2023-06-09T21:18:14.449554424Z",117,1686345491388,2152
"2023-06-09T21:18:14.449545206Z",117,1686345491388,2148
"2023-06-09T21:18:14.197178533Z",117,1686345491388,2497
"2023-06-09T21:18:14.197153399Z",117,1686345491388,2171
"2023-06-09T21:18:14.197150979Z",117,1686345491388,2164
"2023-06-09T21:18:14.197143398Z",117,1686345491388,2154
"2023-06-09T21:18:14.197141501Z",117,1686345491388,2152
"2023-06-09T21:18:14.386865963Z",117,1686345491388,2187
"2023-06-09T21:18:14.386856337Z",117,1686345491388,2152
"2023-06-09T21:18:14.356765067Z",117,1686345491388,2221
"2023-06-09T21:18:14.356763092Z",117,1686345491388,2220
"2023-06-09T21:18:14.356757535Z",117,1686345491388,2180
"2023-06-09T21:18:14.356755706Z",117,1686345491388,2172
"2023-06-09T21:18:14.356750007Z",117,1686345491388,2148
"2023-06-09T21:18:14.356748188Z",117,1686345491388,2147
"2023-06-09T21:18:14.465633408Z",117,1686345491388,3046
"2023-06-09T21:18:14.465630363Z",117,1686345491388,3036
"2023-06-09T21:18:14.465628721Z",117,1686345491388,3034
"2023-06-09T21:18:14.465626959Z",117,1686345491388,3030
"2023-06-09T21:18:14.465610105Z",117,1686345491388,2892
"2023-06-09T21:18:14.465601812Z",117,1686345491388,2221
"2023-06-09T21:18:14.465598749Z",117,1686345491388,2219
"2023-06-09T21:18:14.465586575Z",117,1686345491388,2166
"2023-06-09T21:18:14.465583400Z",117,1686345491388,2164
"2023-06-09T21:18:14.465575673Z",117,1686345491388,2155
"2023-06-09T21:18:14.465564362Z",117,1686345491388,2142
"2023-06-09T21:18:14.465555156Z",117,1686345491388,2124
"2023-06-09T21:18:14.370270167Z",117,1686345491388,2889
"2023-06-09T21:18:14.370258864Z",117,1686345491388,2497
"2023-06-09T21:18:14.370252534Z",117,1686345491388,2221
"2023-06-09T21:18:14.370250876Z",117,1686345491388,2221
"2023-06-09T21:18:14.370244548Z",117,1686345491388,2193
"2023-06-09T21:18:14.370242893Z",117,1686345491388,2189
"2023-06-09T21:18:14.370241185Z",117,1686345491388,2169
"2023-06-09T21:18:14.370236512Z",117,1686345491388,2163
"2023-06-09T21:18:14.370234890Z",117,1686345491388,2163
"2023-06-09T21:18:14.370233218Z",117,1686345491388,2163
"2023-06-09T21:18:14.388739363Z",117,1686345491388,2960
"2023-06-09T21:18:14.388737827Z",117,1686345491388,2960
"2023-06-09T21:18:14.388736251Z",117,1686345491388,2960
"2023-06-09T21:18:14.388734619Z",117,1686345491388,2960
"2023-06-09T21:18:14.388733010Z",117,1686345491388,2959
"2023-06-09T21:18:14.388717813Z",117,1686345491388,2890
"2023-06-09T21:18:14.388692450Z",117,1686345491388,2183
"2023-06-09T21:18:14.388686078Z",117,1686345491388,2161
"2023-06-09T21:18:14.388684562Z",117,1686345491388,2159
"2023-06-09T21:18:14.388678252Z",117,1686345491388,2154
"2023-06-09T21:18:14.388676550Z",117,1686345491388,2152
"2023-06-09T21:18:14.388671852Z",117,1686345491388,2145
"2023-06-09T21:18:14.388667123Z",117,1686345491388,2144
"2023-06-09T21:18:14.388662150Z",117,1686345491388,2139
"2023-06-09T21:18:14.388658837Z",117,1686345491388,2138
"2023-06-09T21:18:14.388657018Z",117,1686345491388,2136
"2023-06-09T21:18:14.388650397Z",117,1686345491388,2130
"2023-06-09T21:18:14.301458297Z",117,1686345491388,2888
"2023-06-09T21:18:14.301439446Z",117,1686345491388,2497
"2023-06-09T21:18:14.301436301Z",117,1686345491388,2495
"2023-06-09T21:18:14.301427101Z",117,1686345491388,2225
"2023-06-09T21:18:14.301423917Z",117,1686345491388,2220
"2023-06-09T21:18:14.301420268Z",117,1686345491388,2207
"2023-06-09T21:18:14.301410567Z",117,1686345491388,2181
"2023-06-09T21:18:14.301407451Z",117,1686345491388,2169
"2023-06-09T21:18:14.301401204Z",117,1686345491388,2158
"2023-06-09T21:18:14.301398059Z",117,1686345491388,2154
"2023-06-09T21:18:14.301394954Z",117,1686345491388,2152
"2023-06-09T21:18:14.301388662Z",117,1686345491388,2145
"2023-06-09T21:18:14.301382342Z",117,1686345491388,2141
"2023-06-09T21:18:13.476218032Z",20380,1686345492032,664
"2023-06-09T21:18:13.341346272Z",20380,1686345492032,305
"2023-06-09T21:18:11.499759194Z",20793,1686345490218,971
"2023-06-09T21:18:11.409386510Z",20793,1686345490218,964
"2023-06-09T21:18:10.342796834Z",20425,1686345488728,618
"2023-06-09T21:18:09.459533792Z",20425,1686345488728,617
"2023-06-09T21:18:01.449744230Z",87,1686345480673,544
"2023-06-09T21:18:01.465906612Z",87,1686345480387,554
"2023-06-09T21:18:01.404408908Z",87,1686345479532,551
"2023-06-09T21:18:00.473197874Z",87,1686345479562,529
"2023-06-09T21:17:59.405439126Z",22541,1686345477968,461
"2023-06-09T21:17:58.450293944Z",22541,1686345477021,489
"2023-06-09T21:17:58.204351984Z",77,1686345476733,567
"2023-06-09T21:17:58.204347841Z",77,1686345476663,565
"2023-06-09T21:17:58.204345760Z",77,1686345476647,580
"2023-06-09T21:17:57.457995428Z",20793,1686345476413,516
"2023-06-09T21:17:57.458069398Z",20793,1686345476413,594
"2023-06-09T21:17:51.455645248Z",41049,1686345470375,928
"2023-06-09T21:17:51.389959698Z",41049,1686345470375,971
"2023-06-09T21:17:51.455651358Z",41049,1686345470375,960
"2023-06-09T21:17:49.401896742Z",40068,1686345467516,932
"2023-06-09T21:17:49.493677083Z",20655,1686345467971,511
"2023-06-09T21:17:48.456569853Z",22541,1686345467806,496
"2023-06-09T21:17:46.452543830Z",20793,1686345465544,451
"2023-06-09T21:17:45.457143431Z",118,1686345464431,602
"2023-06-09T21:17:43.457881084Z",20793,1686345462004,580
"2023-06-09T21:17:39.485790195Z",20793,1686345458423,823
"2023-06-09T21:17:39.485788481Z",20793,1686345458423,822
"2023-06-09T21:17:39.458711780Z",20793,1686345458423,742
"2023-06-09T21:17:36.393480519Z",40125,1686345453023,2928
"2023-06-09T21:17:36.447105507Z",40543,1686345455156,546
"2023-06-09T21:17:36.447092754Z",40543,1686345455156,509
"2023-06-09T21:17:29.325303069Z",22548,1686345447664,1347
"2023-06-09T21:20:40.502818117Z",20793,1686345638869,1128
"2023-06-09T21:20:40.502395974Z",20793,1686345638869,726
"2023-06-09T21:20:40.502394044Z",20793,1686345638869,724
"2023-06-09T21:20:40.489691521Z",20793,1686345638869,1125
"2023-06-09T21:20:40.489689689Z",20793,1686345638869,1125
"2023-06-09T21:20:40.489687891Z",20793,1686345638869,1124
"2023-06-09T21:20:40.489686072Z",20793,1686345638869,1124
"2023-06-09T21:20:40.489641756Z",20793,1686345638869,1050
"2023-06-09T21:20:40.489481290Z",20793,1686345638869,723
"2023-06-09T21:20:40.474248673Z",20793,1686345638869,1123
"2023-06-09T21:20:40.464146609Z",20793,1686345638869,825
"2023-06-09T21:20:40.464038872Z",20793,1686345638869,724
"2023-06-09T21:20:40.455960775Z",20793,1686345638869,1033
"2023-06-09T21:20:40.455628164Z",20793,1686345638869,724
"2023-06-09T21:20:40.450860002Z",20793,1686345638869,1024
"2023-06-09T21:20:40.450858388Z",20793,1686345638869,1022
"2023-06-09T21:20:38.453318414Z",22105,1686345637715,269
"2023-06-09T21:20:38.453295204Z",22105,1686345637715,261
"2023-06-09T21:20:38.453334802Z",22105,1686345637715,308
"2023-06-09T21:20:38.453329130Z",22105,1686345637715,305
"2023-06-09T21:20:38.453325627Z",22105,1686345637715,290
"2023-06-09T21:20:38.453322041Z",22105,1686345637715,285
"2023-06-09T21:20:35.497743780Z",20793,1686345633976,474
"2023-06-09T21:20:33.340028429Z",20425,1686345631709,603
"2023-06-09T21:20:32.486663283Z",20425,1686345631709,611
"2023-06-09T21:20:31.322785624Z",20191,1686345630076,468
"2023-06-09T21:20:30.488465520Z",20191,1686345629760,526
"2023-06-09T21:20:28.194298054Z",233,1686345625856,697
"2023-06-09T21:20:28.451079973Z",233,1686345625856,682
"2023-06-09T21:20:27.193046549Z",233,1686345625856,682
"2023-06-09T21:20:27.193038758Z",233,1686345625856,593
"2023-06-09T21:20:26.508101520Z",20562,1686345625501,608
"2023-06-09T21:20:26.508084363Z",20562,1686345625501,566
"2023-06-09T21:20:23.441361755Z",41246,1686345622212,1085
"2023-06-09T21:20:23.389675795Z",41246,1686345622212,674
"2023-06-09T21:20:23.385952543Z",41246,1686345622212,294
"2023-06-09T21:20:23.401238592Z",41246,1686345622212,658
"2023-06-09T21:20:23.391789812Z",41246,1686345622212,364
"2023-06-09T21:20:23.391773084Z",41246,1686345622212,322
"2023-06-09T21:20:23.390831624Z",41246,1686345622212,737
"2023-06-09T21:20:23.390712163Z",41246,1686345622212,299
"2023-06-09T21:20:23.390703755Z",41246,1686345622212,265
"2023-06-09T21:20:22.195248327Z",238,1686345620576,836
"2023-06-09T21:20:22.498037576Z",21717,1686345621222,495
"2023-06-09T21:20:21.451672513Z",249,1686345619889,592
"2023-06-09T21:20:21.451668523Z",249,1686345619889,565
"2023-06-09T21:20:21.448152012Z",238,1686345620576,620
"2023-06-09T21:20:19.409258257Z",40145,1686345617765,1437
"2023-06-09T21:20:15.387951700Z",345,1686345614566,600
"2023-06-09T21:20:15.355546601Z",345,1686345614566,612
"2023-06-09T21:20:10.465021031Z",498,1686345608063,672
"2023-06-09T21:20:10.195795431Z",233,1686345608302,707
"2023-06-09T21:20:10.356959105Z",498,1686345608063,666
"2023-06-09T21:20:08.340450809Z",20562,1686345607092,586
"2023-06-09T21:20:08.340443737Z",20562,1686345607092,539
"2023-06-09T21:20:04.456325112Z",40379,1686345603694,599
"2023-06-09T21:20:04.456288316Z",40379,1686345603694,209
"2023-06-09T21:20:03.461093643Z",20793,1686345602458,675
"2023-06-09T21:20:03.461076240Z",20793,1686345602458,637
"2023-06-09T21:20:03.461058788Z",20793,1686345602458,540
"2023-06-09T21:20:03.461100615Z",20793,1686345602458,747
"2023-06-09T21:20:03.461096454Z",20793,1686345602458,706
"2023-06-09T21:20:02.492431293Z",20425,1686345601536,546
"2023-06-09T21:20:00.442295451Z",41738,1686345598999,690
"2023-06-09T21:20:00.442287416Z",41738,1686345598999,600
"2023-06-09T21:20:00.401004048Z",41738,1686345599255,428
"2023-06-09T21:20:00.401001943Z",41738,1686345599255,426
"2023-06-09T21:20:00.400983269Z",41738,1686345598999,586
"2023-06-09T21:20:00.385664637Z",41738,1686345599255,435
"2023-06-09T21:20:00.191285366Z",41738,1686345598999,593
"2023-06-09T21:20:00.399573540Z",41738,1686345598999,688
"2023-06-09T21:20:00.399571442Z",41738,1686345598999,685
"2023-06-09T21:20:00.399569299Z",41738,1686345598999,684
"2023-06-09T21:20:00.517619543Z",20425,1686345599544,538
"2023-06-09T21:20:00.408721139Z",20932,1686345599763,492
"2023-06-09T21:20:00.470596049Z",20793,1686345599193,917
"2023-06-09T21:20:00.517752544Z",20932,1686345599704,519
"2023-06-09T21:20:00.462987899Z",20932,1686345599843,563
"2023-06-09T21:20:00.408174907Z",20932,1686345599658,543
"2023-06-09T21:20:00.408011038Z",20793,1686345599288,823
"2023-06-09T21:20:00.470692139Z",20793,1686345599525,638
"2023-06-09T21:20:00.442293442Z",41738,1686345598999,684
"2023-06-09T21:19:59.408975474Z",41424,1686345598724,559
"2023-06-09T21:19:59.401578897Z",41424,1686345598729,558
"2023-06-09T21:19:59.401519372Z",41424,1686345598153,560
"2023-06-09T21:19:58.452856053Z",20793,1686345597587,461
"2023-06-09T21:19:50.459641963Z",20562,1686345589245,741
"2023-06-09T21:19:49.194701348Z",377,1686345587517,653
"2023-06-09T21:19:48.356193225Z",377,1686345587517,677
"2023-06-09T21:19:44.477105400Z",20425,1686345583543,581
"2023-06-09T21:19:44.413234617Z",20425,1686345583543,560
"2023-06-09T21:19:41.478655728Z",22797,1686345579583,1125
"2023-06-09T21:19:41.478620662Z",22797,1686345579583,1026
"2023-06-09T21:19:41.450686362Z",299,1686345580627,583
"2023-06-09T21:19:40.453629890Z",22797,1686345579583,644
"2023-06-09T21:19:40.453628030Z",22797,1686345579583,631
"2023-06-09T21:19:38.473392635Z",20562,1686345577586,563
"2023-06-09T21:19:36.388408120Z",40791,1686345575288,623
"2023-06-09T21:19:34.398840755Z",20268,1686345572714,825
"2023-06-09T21:19:34.461491527Z",20268,1686345572714,817
"2023-06-09T21:19:34.455145233Z",20268,1686345572714,821
"2023-06-09T21:19:34.500288932Z",20268,1686345572714,826
"2023-06-09T21:19:34.500287494Z",20268,1686345572714,820
"2023-06-09T21:19:34.500285996Z",20268,1686345572714,819
"2023-06-09T21:19:34.455146978Z",20268,1686345572714,825
"2023-06-09T21:19:34.325528261Z",20268,1686345572714,735
"2023-06-09T21:19:34.454612705Z",20268,1686345572714,821
"2023-06-09T21:19:33.505333575Z",20268,1686345572714,517
"2023-06-09T21:19:33.348173555Z",20268,1686345572714,519
"2023-06-09T21:19:33.347825323Z",20268,1686345572714,418
"2023-06-09T21:19:33.412524482Z",20268,1686345572714,424
"2023-06-09T21:19:33.466275864Z",41738,1686345572286,587
"2023-06-09T21:19:33.466273873Z",41738,1686345572286,580
"2023-06-09T21:19:33.466265743Z",41738,1686345572286,550
"2023-06-09T21:19:33.466257249Z",41738,1686345572286,546
"2023-06-09T21:19:30.454415439Z",22220,1686345569437,449
"2023-06-09T21:19:29.453177904Z",20932,1686345568535,504
"2023-06-09T21:19:29.453144275Z",20793,1686345568312,516
"2023-06-09T21:19:29.455189337Z",21097,1686345568296,494
"2023-06-09T21:19:28.476278057Z",20562,1686345567185,549
"2023-06-09T21:19:28.476227759Z",20562,1686345567001,568
"2023-06-09T21:19:28.490273207Z",20793,1686345567358,556
"2023-06-09T21:19:28.490271313Z",20562,1686345567338,564
"2023-06-09T21:19:28.452622022Z",20562,1686345567237,570
"2023-06-09T21:19:28.453969345Z",20562,1686345566987,493
"2023-06-09T21:19:28.452689477Z",21104,1686345568020,379
"2023-06-09T21:19:28.452574906Z",20562,1686345566934,570
"2023-06-09T21:19:25.450996728Z",40125,1686345562295,2667
"2023-06-09T21:19:25.450986648Z",40125,1686345562295,2565
"2023-06-09T21:19:25.450984599Z",40125,1686345562295,2558
"2023-06-09T21:19:25.450967978Z",40125,1686345562295,2481
"2023-06-09T21:19:25.450944655Z",40125,1686345562295,2167
"2023-06-09T21:19:25.450942333Z",40125,1686345562295,2167
"2023-06-09T21:19:25.441284760Z",40125,1686345562295,2654
"2023-06-09T21:19:25.441280691Z",40125,1686345562295,2604
"2023-06-09T21:19:25.441263739Z",40125,1686345562295,2552
"2023-06-09T21:19:25.441259440Z",40125,1686345562295,2456
"2023-06-09T21:19:25.441234108Z",40125,1686345562295,2251
"2023-06-09T21:19:25.441165115Z",40125,1686345562295,2151
"2023-06-09T21:19:25.441162812Z",40125,1686345562295,2151
"2023-06-09T21:19:19.386723380Z",299,1686345557880,958
"2023-06-09T21:19:19.386721511Z",299,1686345557880,951
"2023-06-09T21:19:19.386693635Z",299,1686345557880,816
"2023-06-09T21:19:19.386669926Z",299,1686345557880,617
"2023-06-09T21:19:19.193880555Z",299,1686345557880,1014
"2023-06-09T21:19:19.193873815Z",299,1686345557880,948
"2023-06-09T21:19:19.193857326Z",299,1686345557880,812
"2023-06-09T21:19:19.193848510Z",299,1686345557880,526
"2023-06-09T21:19:19.193846783Z",299,1686345557880,519
"2023-06-09T21:19:19.193845083Z",299,1686345557880,516
"2023-06-09T21:19:19.193838932Z",299,1686345557880,428
"2023-06-09T21:19:19.193837374Z",299,1686345557880,417
"2023-06-09T21:19:19.193835639Z",299,1686345557880,412
"2023-06-09T21:19:14.452413Z",20655,1686345553005,591
"2023-06-09T21:19:14.452418568Z",20655,1686345553005,610
"2023-06-09T21:19:11.189555768Z",40390,1686345547889,781
"2023-06-09T21:19:03.472841741Z",22422,1686345542622,460
"2023-06-09T21:19:03.462727339Z",22422,1686345542622,485
"2023-06-09T21:18:58.482030242Z",22586,1686345537836,506
"2023-06-09T21:18:58.482023091Z",20425,1686345537727,610
"2023-06-09T21:18:58.459390739Z",22586,1686345537761,495
"2023-06-09T21:18:58.517832496Z",20425,1686345537727,528
"2023-06-09T21:18:58.457074171Z",20425,1686345537727,627
"2023-06-09T21:18:58.457061526Z",22586,1686345537801,457
"2023-06-09T21:18:52.498552961Z",22591,1686345531172,453
"2023-06-09T21:18:52.453895478Z",20793,1686345531253,575
"2023-06-09T21:18:52.498570043Z",22591,1686345531172,588
"2023-06-09T21:18:43.311395869Z",20562,1686345521523,777
"2023-06-09T21:18:43.456680944Z",21969,1686345522596,476
"2023-06-09T21:18:42.331994553Z",20562,1686345521523,385
"2023-06-09T21:18:42.411986231Z",20562,1686345521523,778
"2023-06-09T21:18:42.331998200Z",20562,1686345521523,393
"2023-06-09T21:18:42.331996408Z",20562,1686345521523,385
"2023-06-09T21:18:42.415134816Z",20562,1686345521523,486
"2023-06-09T21:18:42.478714344Z",20562,1686345521523,388
"2023-06-09T21:18:42.459388567Z",20562,1686345521523,785
"2023-06-09T21:18:34.399915462Z",20793,1686345513440,459
"2023-06-09T21:18:34.399890078Z",20793,1686345513440,360
"2023-06-09T21:18:30.473924978Z",22422,1686345509823,544
"2023-06-09T21:18:30.473882635Z",22422,1686345509348,559
"2023-06-09T21:18:30.412453571Z",22422,1686345509011,499
"2023-06-09T21:18:28.460469502Z",21639,1686345507447,549
"2023-06-09T21:18:27.467673453Z",41049,1686345506557,603
"2023-06-09T21:18:27.392689011Z",41049,1686345506636,510
"2023-06-09T21:18:27.451647422Z",87,1686345506156,554
"2023-06-09T21:18:26.450976178Z",87,1686345505427,551
"2023-06-09T21:17:26.190678150Z",40656,1686345444713,593
"2023-06-09T21:17:22.489722111Z",22236,1686345441036,551
"2023-06-09T21:17:20.498928050Z",1175,1686345439512,574
"2023-06-09T21:17:15.441424193Z",483,1686345433106,715
"2023-06-09T21:17:13.443455618Z",40791,1686345432448,636
"2023-06-09T21:17:13.443451999Z",40791,1686345432448,633
"2023-06-09T21:17:13.443448438Z",40791,1686345432448,633
"2023-06-09T21:17:12.473645961Z",21154,1686345430974,542
"2023-06-09T21:17:11.839293786Z",70151,1686345430538,731
"2023-06-09T21:17:11.839289281Z",70151,1686345430538,713
"2023-06-09T21:17:11.839287240Z",70151,1686345430538,713
"2023-06-09T21:17:11.839285255Z",70151,1686345430538,712
"2023-06-09T21:17:11.839277284Z",70151,1686345430538,633
"2023-06-09T21:17:11.839275179Z",70151,1686345430538,632
"2023-06-09T21:17:11.839269306Z",70151,1686345430538,617
"2023-06-09T21:17:11.839267205Z",70151,1686345430538,615
"2023-06-09T21:17:11.839264962Z",70151,1686345430538,615
"2023-06-09T21:17:11.839262974Z",70151,1686345430538,614
"2023-06-09T21:17:11.839244816Z",70151,1686345430538,544
"2023-06-09T21:17:11.839242646Z",70151,1686345430538,534
"2023-06-09T21:17:08.495032615Z",20793,1686345427804,578
"2023-06-09T21:17:07.448468981Z",389,1686345425698,822
"2023-06-09T21:17:07.204717927Z",87,1686345426120,516
"2023-06-09T21:17:07.451714641Z",389,1686345425698,826
"2023-06-09T21:17:06.391074225Z",40526,1686345424974,609
"2023-06-09T21:17:06.453217027Z",389,1686345425698,730
"2023-06-09T21:17:06.453211087Z",389,1686345425698,625
"2023-06-09T21:17:06.453203206Z",389,1686345425698,438
"2023-06-09T21:17:06.453201286Z",389,1686345425698,435
"2023-06-09T21:17:06.198478908Z",389,1686345425698,446
"2023-06-09T21:17:05.481207581Z",70135,1686345424047,520
"2023-06-09T21:17:05.481203512Z",70135,1686345424047,437
"2023-06-09T21:17:05.481201307Z",70135,1686345424047,431
"2023-06-09T21:17:05.481199057Z",70135,1686345424047,427
"2023-06-09T21:17:03.471367006Z",142,1686345420157,578
"2023-06-09T21:17:02.502154133Z",206,1686345421738,713
"2023-06-09T21:16:59.494989008Z",20268,1686345418182,539
"2023-06-09T21:16:58.453260180Z",20268,1686345417515,443
"2023-06-09T21:16:58.479948656Z",20268,1686345417639,368
"2023-06-09T21:16:58.479942782Z",20268,1686345417445,426
"2023-06-09T21:16:58.475612919Z",20268,1686345417971,446
"2023-06-09T21:16:58.475387235Z",20268,1686345417753,358
"2023-06-09T21:16:56.456670842Z",20793,1686345415248,566
"2023-06-09T21:16:56.313977437Z",20793,1686345415248,478
"2023-06-09T21:16:56.313768218Z",20220,1686345414405,913
"2023-06-09T21:16:56.502346248Z",20793,1686345415279,458
"2023-06-09T21:16:55.491828600Z",20220,1686345414405,811
"2023-06-09T21:16:55.491713219Z",20793,1686345414497,547
"2023-06-09T21:16:55.491702576Z",20220,1686345414405,536
"2023-06-09T21:16:55.455091811Z",20220,1686345414405,915
"2023-06-09T21:16:55.454968364Z",20793,1686345414475,552
"2023-06-09T21:16:55.454963954Z",20220,1686345414405,551
"2023-06-09T21:16:55.454962529Z",20220,1686345414405,543
"2023-06-09T21:16:55.454959660Z",20220,1686345414405,540
"2023-06-09T21:16:55.313960823Z",20220,1686345414405,768
"2023-06-09T21:16:55.313855331Z",20220,1686345414405,525
"2023-06-09T21:16:55.313751608Z",20793,1686345413826,600
"2023-06-09T21:16:54.454177443Z",20793,1686345413826,601
"2023-06-09T21:16:54.455122057Z",20793,1686345413826,601
"2023-06-09T21:16:50.386796858Z",389,1686345409437,639
"2023-06-09T21:16:50.386789362Z",389,1686345409437,437
"2023-06-09T21:16:50.386785570Z",389,1686345409437,247
"2023-06-09T21:16:50.386130932Z",389,1686345409437,340
"2023-06-09T21:16:49.837241437Z",70135,1686345408898,412
"2023-06-09T21:16:48.194363686Z",61,1686345406942,590
"2023-06-09T21:16:45.411897377Z",20666,1686345404032,309
"2023-06-09T21:16:45.325770100Z",20666,1686345404032,682
"2023-06-09T21:16:42.335124198Z",130,1686345400699,576
"2023-06-09T21:16:39.390868117Z",299,1686345398064,693
"2023-06-09T21:16:35.136718930Z",3,1686345393525,546
"2023-06-09T21:16:34.196162022Z",389,1686345392099,1024
"2023-06-09T21:16:34.141256005Z",3,1686345393367,556
"2023-06-09T21:16:34.140907564Z",3,1686345392962,557
"2023-06-09T21:16:33.476385190Z",20793,1686345392434,559
"2023-06-09T21:16:33.452068168Z",389,1686345392099,1023
"2023-06-09T21:16:33.452064694Z",389,1686345392099,924
"2023-06-09T21:16:33.452053640Z",389,1686345392099,651
"2023-06-09T21:16:33.274715618Z",389,1686345392099,932
"2023-06-09T21:16:33.388292502Z",389,1686345392099,748
"2023-06-09T21:16:33.388290526Z",389,1686345392099,740
"2023-06-09T21:16:28.459113427Z",20793,1686345386878,638
"2023-06-09T21:16:28.386395112Z",389,1686345387410,506
"2023-06-09T21:16:22.475889051Z",20793,1686345381799,542
"2023-06-09T21:16:22.475887628Z",20793,1686345381799,541
"2023-06-09T21:16:14.449993985Z",20793,1686345373656,359
"2023-06-09T21:16:12.492790661Z",20562,1686345370841,1243
"2023-06-09T21:16:12.492670019Z",20562,1686345370841,1157
"2023-06-09T21:16:04.472524935Z",20562,1686345363357,460
"2023-06-09T21:16:04.472512162Z",20562,1686345363357,416
"2023-06-09T21:16:04.472498523Z",20562,1686345363357,368
"2023-06-09T21:16:02.457084887Z",20793,1686345361277,581
"2023-06-09T21:16:02.455443494Z",20793,1686345361070,647
"2023-06-09T21:15:58.476614470Z",22541,1686345357167,602
"2023-06-09T21:15:55.477615332Z",22105,1686345353394,1415
"2023-06-09T21:15:55.477498382Z",22105,1686345353394,1133
"2023-06-09T21:15:55.477486681Z",22105,1686345353394,1074
"2023-06-09T21:15:55.457028107Z",22105,1686345353394,1418
"2023-06-09T21:15:55.454822097Z",22105,1686345353394,1417
"2023-06-09T21:15:55.454819230Z",22105,1686345353394,1415
"2023-06-09T21:15:55.454677402Z",22105,1686345353394,1124
"2023-06-09T21:15:55.454675868Z",22105,1686345353394,1122
"2023-06-09T21:15:55.454673898Z",22105,1686345353394,1121
"2023-06-09T21:15:55.508346203Z",22105,1686345353394,1122
"2023-06-09T21:15:55.462254416Z",22105,1686345353394,1119
"2023-06-09T21:15:55.462252566Z",22105,1686345353394,1119
"2023-06-09T21:15:55.477613847Z",22105,1686345353394,1415
"2023-06-09T21:15:55.477496887Z",22105,1686345353394,1129
"2023-06-09T21:15:55.477492385Z",22105,1686345353394,1116
"2023-06-09T21:15:55.454683878Z",22105,1686345353394,1136
"2023-06-09T21:15:55.499335337Z",22105,1686345353394,1417
"2023-06-09T21:15:55.499333486Z",22105,1686345353394,1417
"2023-06-09T21:15:55.499297344Z",22105,1686345353394,1317
"2023-06-09T21:15:55.499193838Z",22105,1686345353394,1124
"2023-06-09T21:15:55.452738826Z",22105,1686345353394,1422
"2023-06-09T21:15:55.452728209Z",22105,1686345353394,1415
"2023-06-09T21:15:55.452590228Z",22105,1686345353394,1120
"2023-06-09T21:15:55.452588298Z",22105,1686345353394,1119
"2023-06-09T21:15:55.474918622Z",22105,1686345353394,1136
"2023-06-09T21:15:55.452734281Z",22105,1686345353394,1419
"2023-06-09T21:15:55.452586340Z",22105,1686345353394,1116
"2023-06-09T21:15:54.454201699Z",22105,1686345353394,1023
"2023-06-09T21:15:54.457735232Z",22105,1686345353394,1021
"2023-06-09T21:15:54.456014684Z",22105,1686345353394,1021
"2023-06-09T21:15:54.456011325Z",22105,1686345353394,1020
"2023-06-09T21:15:47.278658923Z",216,1686345346487,581
"2023-06-09T21:15:47.379889434Z",216,1686345346487,582
"2023-06-09T21:15:46.452197827Z",20793,1686345345108,653
"2023-06-09T21:15:46.325466955Z",20793,1686345345108,554
"2023-06-09T21:15:39.508698277Z",20793,1686345338928,506
"2023-06-09T21:15:38.317203915Z",20655,1686345337031,628
"2023-06-09T21:15:38.317198103Z",20655,1686345337031,605
"2023-06-09T21:15:34.386218902Z",299,1686345333000,760
"2023-06-09T21:15:07.464135778Z",41208,1686345306600,548
"2023-06-09T21:15:06.273416570Z",345,1686345304666,562
"2023-06-09T21:15:05.479517886Z",21501,1686345304695,651
"2023-06-09T21:15:05.400440771Z",21501,1686345304695,549
"2023-06-09T21:15:05.506814406Z",21501,1686345304695,651
"2023-06-09T21:15:02.453135896Z",77,1686345300461,718
"2023-06-09T21:15:02.208431114Z",77,1686345300461,731
"2023-06-09T21:15:02.196108187Z",77,1686345300461,721
"2023-06-09T21:15:02.454950278Z",77,1686345300461,729
"2023-06-09T21:18:11.396874386Z",20793,1686345490218,660
"2023-06-09T21:18:09.467735328Z",61,1686345487977,490
"2023-06-09T21:18:01.370676666Z",87,1686345480478,551
"2023-06-09T21:18:01.387981558Z",87,1686345479865,575
"2023-06-09T21:18:01.387581981Z",87,1686345479917,504
"2023-06-09T21:18:01.472944089Z",118,1686345480376,614
"2023-06-09T21:18:01.464994979Z",87,1686345479511,564
"2023-06-09T21:18:00.457873314Z",22777,1686345479341,548
"2023-06-09T21:18:00.451069643Z",77,1686345477607,530
"2023-06-09T21:17:59.453310500Z",22541,1686345478433,548
"2023-06-09T21:17:59.448712094Z",77,1686345477231,554
"2023-06-09T21:17:59.457122686Z",77,1686345476963,566
"2023-06-09T21:17:59.386098043Z",77,1686345477597,539
"2023-06-09T21:17:58.193447485Z",77,1686345477567,495
"2023-06-09T21:17:57.343594353Z",20793,1686345476413,506
"2023-06-09T21:17:57.511896258Z",20793,1686345476413,497
"2023-06-09T21:17:57.489857486Z",20793,1686345476413,508
"2023-06-09T21:17:57.489855551Z",20793,1686345476413,495
"2023-06-09T21:17:57.451309983Z",77,1686345476732,570
"2023-06-09T21:17:52.498631214Z",22541,1686345470962,557
"2023-06-09T21:17:52.453451192Z",22541,1686345471324,503
"2023-06-09T21:17:51.476074335Z",22236,1686345470709,473
"2023-06-09T21:17:51.405457958Z",22541,1686345470638,507
"2023-06-09T21:17:49.346890439Z",22105,1686345468581,473
"2023-06-09T21:17:48.453690418Z",22541,1686345467806,513
"2023-06-09T21:17:46.458925021Z",20793,1686345465297,480
"2023-06-09T21:17:40.430887915Z",70207,1686345453563,681
"2023-06-09T21:17:39.455506694Z",20793,1686345458423,795
"2023-06-09T21:17:39.502618947Z",20793,1686345458423,819
"2023-06-09T21:17:39.502605714Z",20793,1686345458423,759
"2023-06-09T21:17:39.461375094Z",20793,1686345458423,835
"2023-06-09T21:17:39.461340379Z",20793,1686345458423,758
"2023-06-09T21:17:39.400874839Z",20793,1686345458423,799
"2023-06-09T21:17:39.400871555Z",20793,1686345458423,788
"2023-06-09T21:17:39.400860942Z",20793,1686345458423,763
"2023-06-09T21:17:39.457261823Z",20793,1686345458423,735
"2023-06-09T21:17:39.491423565Z",20793,1686345458423,824
"2023-06-09T21:17:39.491415979Z",20793,1686345458423,797
"2023-06-09T21:17:39.482002789Z",20793,1686345458423,827
"2023-06-09T21:17:39.482001027Z",20793,1686345458423,825
"2023-06-09T21:17:39.479967501Z",20793,1686345458423,825
"2023-06-09T21:17:39.479960575Z",20793,1686345458423,779
"2023-06-09T21:17:38.277851035Z",137,1686345457418,551
"2023-06-09T21:17:34.379335454Z",442,1686345452545,982
"2023-06-09T21:17:34.379333585Z",442,1686345452545,982
"2023-06-09T21:17:34.379331677Z",442,1686345452545,966
"2023-06-09T21:17:34.379324231Z",442,1686345452545,882
"2023-06-09T21:17:34.379322304Z",442,1686345452545,881
"2023-06-09T21:17:34.379320397Z",442,1686345452545,866
"2023-06-09T21:17:34.379311690Z",442,1686345452545,792
"2023-06-09T21:17:34.441624860Z",442,1686345452545,885
"2023-06-09T21:17:33.479258378Z",442,1686345452545,575
"2023-06-09T21:17:33.479255091Z",442,1686345452545,573
"2023-06-09T21:17:33.479243210Z",442,1686345452545,491
"2023-06-09T21:17:33.479237285Z",442,1686345452545,474
"2023-06-09T21:17:33.440915952Z",442,1686345452545,879
"2023-06-09T21:17:33.440914009Z",442,1686345452545,874
"2023-06-09T21:17:33.440896360Z",442,1686345452545,780
"2023-06-09T21:17:33.440894323Z",442,1686345452545,778
"2023-06-09T21:17:33.440880915Z",442,1686345452545,576
"2023-06-09T21:17:33.479283384Z",442,1686345452545,870
"2023-06-09T21:17:33.479277657Z",442,1686345452545,780
"2023-06-09T21:17:33.479275622Z",442,1686345452545,766
"2023-06-09T21:17:33.479269927Z",442,1686345452545,675
"2023-06-09T21:17:33.479267983Z",442,1686345452545,674
"2023-06-09T21:17:33.479251960Z",442,1686345452545,568
"2023-06-09T21:17:33.479241240Z",442,1686345452545,475
"2023-06-09T21:17:33.440917907Z",442,1686345452545,881
"2023-06-09T21:17:33.440912114Z",442,1686345452545,872
"2023-06-09T21:17:33.440900544Z",442,1686345452545,788
"2023-06-09T21:17:33.440898477Z",442,1686345452545,785
"2023-06-09T21:17:33.440892394Z",442,1686345452545,773
"2023-06-09T21:17:33.440876837Z",442,1686345452545,475
"2023-06-09T21:17:31.441752042Z",40254,1686345449911,777
"2023-06-09T21:17:31.457090464Z",22236,1686345450394,481
"2023-06-09T21:17:31.460194221Z",20793,1686345450914,424
"2023-06-09T21:17:29.531698710Z",20268,1686345448213,442
"2023-06-09T21:17:29.325104103Z",22548,1686345447664,1314
"2023-06-09T21:17:29.325101208Z",22548,1686345447664,1290
"2023-06-09T21:17:29.325050563Z",22548,1686345447664,1269
"2023-06-09T21:15:04.455893710Z",20562,1686345303185,593
"2023-06-09T21:15:04.455886265Z",20562,1686345303185,541
"2023-06-09T21:15:00.450009284Z",22591,1686345299053,542
"2023-06-09T21:15:00.509440125Z",21501,1686345299367,570
"2023-06-09T21:14:58.466944479Z",40379,1686345296884,693
"2023-06-09T21:14:52.192076803Z",41475,1686345291707,475
"2023-06-09T21:14:52.390904972Z",41475,1686345291707,495
"2023-06-09T21:14:52.455054130Z",41475,1686345291707,581
"2023-06-09T21:14:52.451114563Z",41475,1686345291707,480
"2023-06-09T21:14:52.451112475Z",41475,1686345291707,478
"2023-06-09T21:14:52.451106458Z",41475,1686345291707,275
"2023-06-09T21:14:52.447776726Z",41475,1686345291707,490
"2023-06-09T21:14:52.447774530Z",41475,1686345291707,481
"2023-06-09T21:14:51.451104749Z",41475,1686345290808,517
"2023-06-09T21:14:51.451086359Z",41475,1686345290808,433
"2023-06-09T21:14:51.451084285Z",41475,1686345290808,429
"2023-06-09T21:14:51.388291392Z",41475,1686345289766,597
"2023-06-09T21:14:50.384574184Z",41475,1686345289766,504
"2023-06-09T21:14:50.453480344Z",20428,1686345289725,487
"2023-06-09T21:14:50.453466657Z",20428,1686345289725,468
"2023-06-09T21:14:50.489472283Z",20428,1686345289725,468
"2023-06-09T21:14:50.452261980Z",20428,1686345289725,459
"2023-06-09T21:14:42.276378505Z",418,1686345281158,551
"2023-06-09T21:14:42.276355764Z",418,1686345280895,557
"2023-06-09T21:14:42.276350562Z",418,1686345280693,565
"2023-06-09T21:14:40.471589240Z",20002,1686345279695,563
"2023-06-09T21:14:40.471593098Z",20002,1686345279695,582
"2023-06-09T21:14:38.448533338Z",20822,1686345277614,516
"2023-06-09T21:14:37.489078266Z",20002,1686345276304,602
"2023-06-09T21:14:37.489076274Z",20002,1686345276304,601
"2023-06-09T21:14:37.476274487Z",20002,1686345276304,575
"2023-06-09T21:14:37.476268319Z",20002,1686345276304,557
"2023-06-09T21:14:37.457101828Z",20002,1686345276304,618
"2023-06-09T21:14:37.457092430Z",20002,1686345276304,601
"2023-06-09T21:14:37.398983298Z",20002,1686345276304,586
"2023-06-09T21:14:37.398970486Z",20002,1686345276304,566
"2023-06-09T21:14:37.475360248Z",20002,1686345276304,621
"2023-06-09T21:14:37.343196623Z",20002,1686345276304,624
"2023-06-09T21:14:37.489085818Z",20002,1686345276304,620
"2023-06-09T21:14:37.489084003Z",20002,1686345276304,620
"2023-06-09T21:14:37.476272455Z",20002,1686345276304,572
"2023-06-09T21:14:37.476264287Z",20002,1686345276304,549
"2023-06-09T21:14:37.456961300Z",20191,1686345275638,583
"2023-06-09T21:14:29.311696545Z",22761,1686345268775,479
"2023-06-09T21:14:29.498348623Z",22761,1686345268775,474
"2023-06-09T21:14:26.344459954Z",22923,1686345265484,501
"2023-06-09T21:14:26.457356509Z",22923,1686345265484,415
"2023-06-09T21:14:24.488974804Z",22797,1686345262449,1057
"2023-06-09T21:14:23.457594284Z",22797,1686345262449,762
"2023-06-09T21:14:23.457590467Z",22797,1686345262449,755
"2023-06-09T21:14:23.454118051Z",22797,1686345262449,861
"2023-06-09T21:14:23.454106779Z",22797,1686345262449,760
"2023-06-09T21:14:23.489270545Z",22797,1686345262449,769
"2023-06-09T21:14:23.457003446Z",22797,1686345262449,760
"2023-06-09T21:14:23.489268174Z",22797,1686345262449,768
"2023-06-09T21:14:22.479556707Z",20341,1686345261479,495
"2023-06-09T21:14:19.491139008Z",20793,1686345258456,647
"2023-06-09T21:14:19.451616293Z",20793,1686345258456,657
"2023-06-09T21:14:19.473902720Z",20425,1686345258116,548
"2023-06-09T21:14:19.409959196Z",20793,1686345258456,650
"2023-06-09T21:14:19.409628333Z",20793,1686345258456,652
"2023-06-09T21:14:15.310837016Z",40006,1686345253321,499
"2023-06-09T21:14:10.388675615Z",40060,1686345248738,710
"2023-06-09T21:14:10.388665147Z",40060,1686345248738,683
"2023-06-09T21:14:06.429935008Z",41448,1686345244897,611
"2023-06-09T21:14:06.465583564Z",41448,1686345244897,713
"2023-06-09T21:14:06.463667745Z",41448,1686345244897,615
"2023-06-09T21:14:06.463665555Z",41448,1686345244897,614
"2023-06-09T21:14:04.400630011Z",40574,1686345243111,619
"2023-06-09T21:14:04.400626027Z",40574,1686345243111,597
"2023-06-09T21:14:04.400621539Z",40574,1686345243111,569
"2023-06-09T21:14:04.400617508Z",40574,1686345243111,547
"2023-06-09T21:14:04.400613369Z",40574,1686345243111,527
"2023-06-09T21:14:04.400609265Z",40574,1686345243111,502
"2023-06-09T21:14:04.384257952Z",40574,1686345243111,739
"2023-06-09T21:14:04.384253848Z",40574,1686345243111,714
"2023-06-09T21:14:04.384249964Z",40574,1686345243111,609
"2023-06-09T21:14:04.384245794Z",40574,1686345243111,567
"2023-06-09T21:14:04.384241743Z",40574,1686345243111,543
"2023-06-09T21:14:04.384237635Z",40574,1686345243111,517
"2023-06-09T21:14:04.194332731Z",40574,1686345243111,720
"2023-06-09T21:14:04.194328827Z",40574,1686345243111,694
"2023-06-09T21:14:04.194322466Z",40574,1686345243111,604
"2023-06-09T21:14:04.194318455Z",40574,1686345243111,572
"2023-06-09T21:14:04.194314542Z",40574,1686345243111,545
"2023-06-09T21:14:04.194310503Z",40574,1686345243111,517
"2023-06-09T21:14:04.389609403Z",40399,1686345243497,571
"2023-06-09T21:14:04.389598858Z",40574,1686345243111,700
"2023-06-09T21:14:04.389594885Z",40574,1686345243111,629
"2023-06-09T21:14:04.389590743Z",40574,1686345243111,596
"2023-06-09T21:14:04.389586715Z",40574,1686345243111,561
"2023-06-09T21:14:04.389582564Z",40574,1686345243111,534
"2023-06-09T21:14:04.389578377Z",40574,1686345243111,496
"2023-06-09T21:14:04.506529413Z",20793,1686345243641,536
"2023-06-09T21:14:04.506572641Z",20793,1686345243641,641
"2023-06-09T21:14:04.480112089Z",20793,1686345243641,474
"2023-06-09T21:14:04.480101035Z",20793,1686345243641,449
"2023-06-09T21:14:04.401649086Z",20793,1686345243641,546
"2023-06-09T21:14:04.401571992Z",20793,1686345243641,446
"2023-06-09T21:13:59.325134582Z",20268,1686345238323,410
"2023-06-09T21:13:57.450367660Z",20655,1686345236264,568
"2023-06-09T21:13:57.450363925Z",20655,1686345236264,546
"2023-06-09T21:13:52.456101396Z",22422,1686345231673,542
"2023-06-09T21:13:52.489533708Z",22422,1686345231673,552
"2023-06-09T21:13:42.488981349Z",22283,1686345221714,564
"2023-06-09T21:13:41.491599280Z",22548,1686345220264,549
"2023-06-09T21:13:39.409559051Z",20562,1686345218283,486
"2023-06-09T21:13:39.409544515Z",20562,1686345218283,444
"2023-06-09T21:13:39.409530226Z",20562,1686345218283,394
"2023-06-09T21:13:37.455998443Z",20655,1686345216820,543
"2023-06-09T21:13:32.465983097Z",40006,1686345211351,637
"2023-06-09T21:13:32.442640140Z",40006,1686345211351,562
"2023-06-09T21:13:32.198452132Z",40006,1686345211351,544
"2023-06-09T21:13:32.409428717Z",40006,1686345211351,549
"2023-06-09T21:13:31.479220855Z",418,1686345210329,527
"2023-06-09T21:13:31.464371801Z",40390,1686345210444,650
"2023-06-09T21:13:24.467268943Z",22923,1686345203364,537
"2023-06-09T21:13:23.327971116Z",22923,1686345202478,547
"2023-06-09T21:13:23.509412175Z",22923,1686345202820,545
"2023-06-09T21:13:21.449593001Z",40707,1686345199892,796
"2023-06-09T21:13:21.198049592Z",40707,1686345199892,721
"2023-06-09T21:13:21.466600459Z",40707,1686345199892,813
"2023-06-09T21:13:19.454992897Z",20562,1686345198775,590
"2023-06-09T21:13:19.454970649Z",20562,1686345198775,532
"2023-06-09T21:13:19.454942372Z",20562,1686345198775,478
"2023-06-09T21:13:19.454925312Z",20562,1686345198775,431
"2023-06-09T21:13:11.458491233Z",22195,1686345190420,532
"2023-06-09T21:13:09.343429955Z",21403,1686345188374,404
"2023-06-09T21:13:09.343363552Z",21969,1686345187912,644
"2023-06-09T21:13:09.343345038Z",21969,1686345187912,548
"2023-06-09T21:13:09.499300471Z",21969,1686345187912,742
"2023-06-09T21:13:09.499277858Z",21969,1686345187912,653
"2023-06-09T21:13:09.499302415Z",21969,1686345187912,744
"2023-06-09T21:13:09.499279726Z",21969,1686345187912,654
"2023-06-09T21:13:08.454373110Z",21969,1686345187912,345
"2023-06-09T21:13:08.454353131Z",21969,1686345187912,250
"2023-06-09T21:13:06.457100642Z",21969,1686345185727,496
"2023-06-09T21:12:59.452889208Z",20648,1686345178331,390
"2023-06-09T21:12:59.314063446Z",20041,1686345178636,549
"2023-06-09T21:12:59.451732847Z",20648,1686345178770,610
"2023-06-09T21:12:51.490820665Z",21969,1686345170237,652
"2023-06-09T21:12:51.490817668Z",21969,1686345170237,650
"2023-06-09T21:12:51.490763164Z",21969,1686345170237,556
"2023-06-09T21:12:51.490759536Z",21969,1686345170237,555
"2023-06-09T21:12:51.455054683Z",21969,1686345170237,754
"2023-06-09T21:12:51.455048991Z",21969,1686345170237,663
"2023-06-09T21:12:51.499148229Z",21969,1686345170237,662
"2023-06-09T21:12:51.499138719Z",21969,1686345170237,579
"2023-06-09T21:12:51.499144548Z",21969,1686345170237,601
"2023-06-09T21:12:51.499142431Z",21969,1686345170237,587
"2023-06-09T21:12:51.499135045Z",21969,1686345170237,566
"2023-06-09T21:12:51.499132840Z",21969,1686345170237,565
"2023-06-09T21:12:51.312689885Z",21969,1686345170237,449
"2023-06-09T21:12:51.312685958Z",21969,1686345170237,355
