CId,Mean,Median,P99,TMedian,TP99,Error,Count
-1,16426.22,724.00,706027.00,772.47,722407.11,2.32,1730690.00
627,618.00,618.00,618.00,618.00,618.00,0.00,1.00
634,743.68,640.50,1708.00,635.54,1708.00,0.00,76.00
647,617.80,671.00,790.50,613.14,713.87,9.69,169.00
740,531.50,532.00,570.00,532.00,574.00,0.70,4.00
56,19195.65,572.00,966722.00,578.00,894372.43,7.48,865.00
325,1385.95,912.00,4136.50,913.33,3833.88,7.32,265.00
328,9802.40,715.00,368692.00,657.03,457932.00,24.20,100.00
617,665.33,652.50,708.00,652.50,737.00,4.10,6.00
749,545.00,545.00,545.00,545.00,545.00,0.00,1.00
810,562.50,562.50,562.50,562.50,563.00,0.09,2.00
856,458.25,505.50,616.00,520.25,560.75,8.97,8.00
15,2671.16,746.00,3649.50,737.00,3650.58,0.03,499.00
242,828.00,828.00,828.00,828.00,828.00,0.00,1.00
559,600.00,600.00,623.00,600.00,646.00,3.69,3.00
776,566.89,591.00,750.50,554.00,708.28,5.63,453.00
41,65154.25,583.00,1420320.50,592.73,1427934.89,0.54,457.00
278,2396.42,744.00,3784.50,805.58,44755.07,1082.59,47794.00
454,590.48,558.50,867.00,568.83,871.00,0.46,80.00
773,588.59,605.00,757.00,621.00,686.00,9.38,27.00
604,766.00,766.00,766.00,766.00,766.00,0.00,2.00
145,692.13,707.00,820.50,646.18,803.51,2.07,307.00
514,482.37,488.00,619.50,483.66,558.29,9.88,103.00
696,524.08,523.00,666.50,514.76,657.02,1.42,781.00
42,1305.39,709.00,4277.00,683.86,4024.17,5.91,7166.00
213,2946.08,682.00,1603.00,672.15,1463.62,8.69,3273.00
469,119181.00,545.00,1542503.00,551.67,1568089.00,1.66,26.00
534,68468.84,602.00,645616.50,602.00,701163.00,8.60,19.00
5,1240.08,607.00,1377.50,638.40,1187.09,13.82,21243.00
50,12147.60,9934.00,30151.00,9757.72,29773.24,1.25,162069.00
236,141429.40,566.00,946143.50,566.00,950266.00,0.44,15.00
300,1820.10,796.00,1509.00,845.71,9424.33,524.54,5124.00
286,2543.31,799.00,2117.50,790.68,54238.86,2461.46,4136.00
639,2693.00,534.00,25402.00,537.00,50179.00,97.54,23.00
685,582.17,567.00,998.50,569.00,998.50,0.00,83.00
8,2094.87,609.00,2240.50,616.52,1720.34,23.22,9346.00
110,16519.04,680.00,353485.50,737.88,486490.37,37.63,952.00
175,729.09,659.00,5551.00,646.87,4294.71,22.63,423.00
197,527.69,574.00,1617.00,539.60,1126.17,30.35,707.00
74,43817.91,545.00,974268.50,541.03,942721.78,3.24,1143.00
76,892.47,619.00,4964.50,616.47,4855.00,2.21,73.00
697,1608.25,733.00,3474.50,728.67,3981.72,14.60,243.00
504,724.20,716.00,1162.00,771.90,917.91,21.01,105.00
629,555.50,575.50,586.00,555.50,582.50,0.60,4.00
862,543.20,563.00,582.50,563.00,585.00,0.43,5.00
884,696.00,696.00,696.00,696.00,696.00,0.00,1.00
270,43136.85,684.00,1522855.50,713.00,1522728.48,0.01,287.00
734,674.43,664.00,1375.00,657.00,1832.00,33.24,42.00
893,690.50,690.50,690.50,690.50,690.50,0.00,2.00
172,13469.35,606.00,467311.50,607.85,467602.44,0.06,469.00
672,806.42,839.00,879.50,800.78,1111.25,26.35,125.00
842,591.47,581.00,760.00,577.46,821.00,8.03,17.00
844,1507.00,1507.00,1507.00,1507.00,1507.00,0.00,1.00
879,724.00,724.00,724.00,724.00,802.00,10.77,2.00
62,922.34,715.00,2672.50,739.91,2649.00,0.88,1443.00
248,660.37,674.00,848.00,669.00,822.00,3.07,71.00
574,572.31,558.00,665.00,558.00,712.00,7.07,13.00
745,873.75,888.00,999.00,869.67,999.00,0.00,4.00
763,598.50,598.50,598.50,598.50,603.00,0.75,2.00
37,578.09,580.00,863.50,581.17,804.06,6.88,374.00
389,714.65,731.50,918.00,696.41,912.67,0.58,84.00
415,2521.80,1540.00,5009.50,1549.00,4972.13,0.75,3789.00
664,634.98,648.00,896.00,616.25,898.00,0.22,50.00
440,9389.95,548.00,497388.50,546.33,497019.34,0.07,183.00
462,567.15,560.50,641.50,565.30,612.00,4.60,40.00
590,681.50,682.50,684.50,682.17,684.50,0.00,4.00
727,839.78,676.00,3627.00,659.97,3628.40,0.04,65.00
656,610.86,584.50,1465.50,581.88,1435.48,2.05,238.00
163,615.31,591.00,1428.50,587.08,1113.01,22.09,4654.00
607,511.78,530.00,543.50,530.00,545.00,0.28,9.00
803,566.33,588.00,599.00,588.00,610.00,1.84,3.00
869,630.50,638.00,697.50,610.00,689.00,1.22,8.00
281,537.02,578.00,799.50,563.60,704.49,11.88,545.00
93,24619.49,600.00,824817.50,624.14,821475.47,0.41,427.00
466,737.90,709.00,1111.00,711.00,1260.00,13.41,21.00
562,758.67,724.50,964.00,724.50,1109.00,15.04,6.00
85,638.41,666.00,855.00,665.50,793.76,7.16,664.00
214,495.25,505.00,779.50,503.99,712.85,8.55,160.00
662,654.28,587.00,2352.00,571.86,2406.43,2.31,103.00
690,1026.03,1105.00,1117.00,1086.35,1115.00,0.18,39.00
416,552.00,552.00,552.00,552.00,552.00,0.00,1.00
624,529.06,538.00,655.50,536.00,642.00,2.06,50.00
657,434.00,434.00,434.00,434.00,434.00,0.00,1.00
703,904.45,851.00,1734.00,754.76,1423.03,17.93,2179.00
33,7337.45,594.00,27023.00,595.00,27346.11,1.20,852.00
488,604.83,633.00,758.50,633.00,761.00,0.33,6.00
721,666.04,550.00,1521.00,550.00,1522.00,0.07,24.00
264,803.29,555.00,2012.00,539.42,1585.43,21.20,5706.00
359,716.29,608.00,2116.50,624.20,1669.30,21.13,207.00
293,2597.13,873.00,9746.50,1043.55,30090.88,208.74,45275.00
446,5032.12,931.00,12862.00,5096.40,10222.00,20.53,25.00
218,777.51,706.00,1194.50,703.00,3940.93,229.92,245.00
336,873.53,701.00,2662.00,697.00,2735.92,2.78,79.00
426,575.10,556.00,1045.50,542.67,1033.43,1.15,81.00
174,9965.41,741.00,574044.50,729.03,575477.83,0.25,1578.00
235,624.19,578.00,853.50,582.67,835.00,2.17,43.00
883,63061.33,595.00,188022.00,592.50,374909.00,99.40,6.00
49,34696.18,570.00,1333178.50,578.79,1231345.58,7.64,15665.00
221,606.97,626.00,1445.00,596.05,942.79,34.75,2960.00
684,625.70,579.50,834.00,606.00,771.00,7.55,54.00
799,539.00,507.00,596.50,507.00,597.00,0.08,5.00
497,936.10,716.00,1595.50,685.00,1519.80,4.74,31.00
850,687.11,725.00,754.00,698.69,720.29,4.47,19.00
870,582.17,573.00,695.50,610.50,695.00,0.07,6.00
38,29948.99,692.00,1127535.50,739.53,770334.17,31.68,14381.00
158,697.33,689.00,973.50,686.74,968.60,0.50,442.00
280,2656.91,587.00,3087.00,625.14,65537.29,2023.01,4248.00
667,631.81,620.50,751.50,635.50,745.00,0.86,26.00
205,660.74,674.00,966.00,669.20,808.16,16.34,302.00
442,707.73,727.00,864.50,772.54,781.47,9.60,73.00
900,748.50,748.50,748.50,748.50,864.00,15.43,2.00
55,109822.64,696.00,1513109.50,746.58,1444047.39,4.56,11280.00
468,580.12,559.00,771.50,561.80,793.00,2.79,49.00
123,31145.22,590.00,377544.00,581.00,377490.00,0.01,37.00
142,545.08,564.00,1050.50,541.60,881.68,16.07,7171.00
693,505.00,561.00,562.50,561.00,564.00,0.27,3.00
702,629.00,629.00,629.00,629.00,629.00,0.00,1.00
458,537.91,559.00,586.00,560.30,568.80,2.94,32.00
877,684.00,684.00,684.00,684.00,684.00,0.00,1.00
199,744.48,732.00,979.50,729.00,1068.34,9.07,484.00
744,550.95,555.00,684.50,542.60,618.33,9.67,59.00
16,679.86,625.00,1172.00,633.53,2105.26,79.63,12300.00
505,668.56,642.50,982.00,639.20,942.75,4.00,52.00
680,590.33,604.00,624.00,607.67,628.00,0.64,9.00
17,705.75,603.00,1579.00,590.47,2511.94,59.08,173.00
89,503.96,498.00,869.50,490.14,774.88,10.88,3316.00
298,779.97,649.00,2876.00,644.00,2908.78,1.14,289.00
432,9398.68,508.00,436174.00,504.17,450435.54,3.27,196.00
239,585.95,587.00,744.50,593.64,709.71,4.67,243.00
665,639.60,654.00,989.50,660.33,1252.00,26.53,47.00
775,687.25,724.00,777.50,724.00,777.50,0.00,12.00
269,596.12,627.00,1987.00,577.57,1038.56,47.73,7774.00
619,566.00,557.00,572.00,557.00,587.00,2.62,3.00
550,622.74,583.50,1730.00,563.75,1206.00,30.29,96.00
621,567.44,569.00,639.00,562.12,680.00,6.42,9.00
857,2566.00,2566.00,2566.00,2566.00,4547.00,77.20,2.00
51,33939.15,569.00,983555.00,573.20,926109.80,5.84,1655.00
459,624.57,617.00,989.00,585.20,887.00,10.31,21.00
467,598.72,593.00,1080.50,581.46,1000.65,7.39,287.00
542,1113.43,788.00,2459.50,788.00,2745.00,11.61,14.00
433,1984.66,670.00,1148.00,685.02,1019.36,11.21,1412.00
650,574.07,570.00,616.00,567.67,639.00,3.73,15.00
807,619.00,619.00,619.00,619.00,619.00,0.00,1.00
906,1275.00,1275.00,1275.00,1275.00,1275.00,0.00,1.00
645,767.11,683.00,1057.50,714.40,1146.00,8.37,9.00
238,1821.48,673.00,1904.50,662.53,2174.75,14.19,4727.00
372,569.06,555.00,1430.50,555.00,1458.00,1.92,175.00
11,1132.11,809.00,4807.00,813.24,4295.35,10.64,793.00
19,1147.43,897.00,5250.00,869.58,3765.04,28.28,2550.00
32,29458.34,575.00,1031192.50,586.56,1012737.09,1.79,3153.00
188,668.54,685.00,773.50,684.00,774.27,0.10,93.00
719,4142.50,582.00,127493.00,616.31,127535.93,0.03,108.00
403,15154.32,615.50,640015.00,613.50,640015.00,0.00,88.00
407,39120.97,577.00,1272223.00,597.40,1340446.42,5.36,138.00
521,663.00,700.00,701.00,700.00,702.00,0.14,3.00
666,7321.65,1310.50,379416.50,1332.22,285572.33,24.73,1502.00
22,1022.63,565.00,3363.00,592.30,2477.14,26.34,16680.00
457,594.03,581.00,1119.50,573.10,1120.88,0.12,154.00
543,622.37,661.00,779.00,623.89,775.88,0.40,251.00
698,1072.14,837.00,2510.50,821.38,2592.89,3.28,260.00
768,623.27,619.50,933.00,656.48,845.31,9.40,222.00
107,518.51,521.00,728.50,517.24,663.45,8.93,1080.00
132,1512.97,897.00,5699.50,964.02,4536.15,20.41,14277.00
312,1880.81,715.00,25763.00,735.49,41694.78,61.84,59.00
452,644.46,622.00,720.00,623.60,711.67,1.16,79.00
705,572.06,567.50,685.50,581.50,604.33,11.84,16.00
833,655.29,637.00,708.50,660.87,664.33,6.23,7.00
875,539.00,539.00,539.00,539.00,539.00,0.00,1.00
148,672.74,667.00,795.50,668.50,767.00,3.58,34.00
292,2375.05,563.00,1824.50,549.79,48608.03,2564.18,7655.00
326,1552.07,1750.00,3956.50,1742.50,2597.43,34.35,2108.00
544,562.02,562.50,779.50,563.00,901.90,15.70,52.00
741,618.89,656.00,672.50,645.00,662.00,1.56,19.00
21,874.43,667.50,1756.50,652.10,1699.95,3.22,5924.00
209,698.89,592.00,4133.50,600.23,4072.44,1.48,5097.00
340,1026.60,609.00,1008.00,581.26,777.12,22.90,2600.00
699,6750.41,596.50,1393.50,580.71,149868.23,10654.81,1804.00
380,602.85,603.00,716.50,599.00,771.00,7.61,40.00
386,940.77,620.00,1671.00,598.41,1175.00,29.68,1671.00
171,11917.97,541.00,57232.50,542.70,116877.00,104.21,390.00
531,566.58,504.00,785.00,499.33,840.00,7.01,19.00
533,679.50,699.50,745.00,699.33,756.00,1.48,18.00
4,637.14,533.00,1012.00,512.10,893.20,11.74,3738.00
63,774.78,676.00,2097.50,669.89,2003.64,4.47,3055.00
162,610.71,621.50,851.00,593.33,778.33,8.54,204.00
30,683.80,697.00,866.50,694.50,919.40,6.11,210.00
57,1390.04,729.00,3143.00,734.57,3372.03,7.29,4659.00
79,775.59,681.00,2054.00,688.29,1772.16,13.72,2541.00
342,940.68,811.00,4240.00,808.75,4488.76,5.87,91.00
491,602.00,602.00,602.00,602.00,602.00,0.00,1.00
524,559.17,480.50,835.00,480.50,1081.00,29.46,6.00
809,552.00,547.00,733.50,547.00,707.00,3.61,22.00
839,624.00,670.00,796.00,647.20,824.00,3.52,11.00
346,594.32,595.00,645.50,596.00,680.00,5.34,22.00
548,586.55,588.00,668.00,574.25,674.00,0.90,20.00
575,589.31,626.50,1364.50,589.30,1276.92,6.42,196.00
677,698.95,661.00,1355.00,669.92,1089.31,19.61,771.00
770,566.71,568.00,605.00,579.00,602.00,0.50,7.00
259,664.28,566.50,794.00,571.50,5007.41,530.66,132.00
413,882.26,919.00,1563.50,811.16,1495.06,4.38,495.00
652,894.54,800.50,1300.50,906.93,1067.67,17.90,114.00
48,866.72,619.00,1399.00,628.75,1233.11,11.86,2804.00
72,35314.22,765.00,1128758.00,797.99,857369.72,24.04,9129.00
234,58249.19,560.00,1279294.00,560.00,1279409.00,0.01,47.00
580,619.08,575.00,808.00,575.00,791.00,2.10,13.00
405,708.83,581.00,2764.50,601.62,2001.98,27.58,139.00
613,670.50,568.00,1422.50,577.65,2155.00,51.49,18.00
793,600.20,473.50,5608.50,438.00,4787.00,14.65,60.00
611,955.00,955.00,955.00,955.00,955.00,0.00,1.00
762,930.28,1008.50,1456.50,989.50,1457.00,0.03,18.00
765,573.00,594.00,620.00,594.00,622.00,0.32,8.00
319,2772.39,1932.00,6731.50,1922.24,6466.46,3.94,4457.00
395,630.31,648.00,818.50,637.00,838.88,2.49,72.00
743,551.21,581.00,1283.00,498.00,1623.51,26.54,52.00
137,38216.08,551.00,1315077.00,576.00,1211051.06,7.91,657.00
222,273136.00,599.00,1681515.50,604.38,1622355.92,3.52,410.00
275,717.33,625.50,1062.00,625.50,1082.00,1.88,6.00
556,658.42,672.00,754.50,672.00,771.00,2.19,12.00
58,2619.57,761.00,10176.00,754.35,7528.52,26.02,2916.00
224,692.30,617.00,1403.00,618.56,1403.00,0.00,43.00
816,482.50,482.50,482.50,482.50,681.00,41.14,2.00
636,52604.37,653.00,494255.00,653.00,987640.00,99.82,19.00
723,677.75,686.50,800.50,686.50,834.00,4.18,8.00
784,523.75,562.50,607.00,513.33,626.00,3.13,4.00
216,673.20,638.00,1842.00,610.60,1847.01,0.27,2936.00
226,6408.30,565.00,22460.50,547.15,23303.92,3.76,1111.00
367,1354.97,712.00,3861.50,1268.52,3539.99,8.33,259.00
406,758.75,687.00,1717.50,705.30,1782.75,3.80,125.00
811,537.83,534.50,569.50,534.50,570.00,0.09,6.00
891,561.50,561.50,561.50,561.50,593.00,5.61,2.00
27,777.20,617.00,3566.00,663.89,3009.77,15.60,917.00
496,433.33,412.00,676.00,431.27,568.75,15.87,105.00
69,48151.98,606.00,1222442.50,612.40,1182235.73,3.29,4301.00
558,662.21,607.00,1444.50,642.10,1340.00,7.23,34.00
766,599.47,603.00,640.00,605.00,637.00,0.47,15.00
890,633.00,633.00,633.00,633.00,633.00,0.00,1.00
173,773.53,566.00,840.50,576.44,5227.30,521.93,2889.00
894,633.27,635.00,768.00,629.46,713.33,7.12,15.00
87,934.05,735.50,1633.00,741.74,1510.37,7.51,2420.00
198,709.33,682.00,731.00,682.00,780.00,6.70,3.00
323,676.10,590.00,1112.00,565.35,947.19,14.82,1354.00
511,668.62,661.00,874.50,646.75,793.67,9.24,294.00
304,2537.89,738.00,10761.50,794.46,40876.70,279.84,8397.00
595,815.04,735.00,1383.50,728.67,1319.20,4.65,27.00
686,904.62,631.00,2821.50,865.23,1347.67,52.24,16.00
802,642.00,648.00,723.00,645.67,735.00,1.66,9.00
113,566.88,555.00,819.00,543.31,740.93,9.53,333.00
301,657.04,706.00,872.00,706.00,960.00,10.09,45.00
146,459.35,457.00,753.50,451.95,702.61,6.75,2018.00
648,579.48,563.00,752.00,572.20,706.00,6.12,31.00
731,37951.93,590.00,280740.50,630.00,560797.00,99.76,15.00
117,630.67,651.00,712.50,651.00,716.00,0.49,15.00
516,73354.57,547.00,765039.50,545.00,1529473.00,99.92,21.00
529,12451.39,684.00,452278.50,637.31,885707.31,95.83,153.00
874,655.80,521.00,870.00,515.88,1218.00,40.00,5.00
124,1237.01,586.00,23092.50,586.00,32266.25,39.73,75.00
746,5702.72,632.00,1714.50,679.61,1882.58,9.80,387.00
836,451.75,450.50,455.00,450.50,458.00,0.66,4.00
153,1646.53,740.00,3454.00,784.37,3184.96,7.79,5021.00
241,96855.41,545.00,1520977.50,549.00,1520051.59,0.06,566.00
641,597.93,617.00,695.00,612.14,678.50,2.37,15.00
658,590.90,619.00,722.50,568.50,721.00,0.21,49.00
181,198599.12,548.50,1786654.50,547.92,1780148.82,0.36,234.00
308,6762.08,662.00,2886.50,670.77,265406.08,9094.74,449.00
536,558.50,609.00,737.00,609.00,815.00,10.58,4.00
71,34598.88,695.00,986106.50,724.45,973549.78,1.27,3735.00
849,523.00,525.00,568.00,525.00,572.00,0.70,4.00
419,627.83,624.50,682.00,618.17,683.00,0.15,6.00
674,4121.25,663.00,939.50,669.76,798.69,14.99,501.00
822,589.00,589.00,589.00,589.00,598.00,1.53,2.00
863,680.22,679.00,780.00,691.00,784.00,0.51,9.00
47,41483.96,619.00,1247595.50,671.54,990580.86,20.60,40098.00
106,39041.17,628.00,1312513.00,630.00,1212364.14,7.63,1854.00
273,1211.94,553.00,878.50,560.12,789.30,10.15,3261.00
343,4311.25,563.00,685.00,560.26,668.28,2.44,522.00
899,596.50,596.50,596.50,596.50,706.00,18.36,2.00
23,1243.86,599.00,3115.50,607.00,2868.20,7.94,625.00
414,1668.12,1164.50,3108.00,1166.50,2699.90,13.13,3662.00
798,747.60,712.50,1008.50,712.50,1008.50,0.00,10.00
910,545.33,560.00,569.00,545.33,569.00,0.00,3.00
14,548.51,605.00,1296.50,541.18,971.46,25.07,1839.00
125,559.99,518.00,1636.00,521.40,1567.13,4.21,839.00
196,689.11,650.00,1548.00,633.71,1510.20,2.44,1050.00
838,737.50,737.50,737.50,737.50,866.00,17.42,2.00
35,23559.54,593.00,1244064.00,610.06,1205907.49,3.07,2809.00
761,539.68,548.00,677.00,548.00,600.33,11.32,19.00
782,651.00,659.00,761.50,659.00,766.00,0.59,17.00
819,689.00,693.00,761.00,693.00,777.00,2.10,15.00
903,569.00,569.00,569.00,569.00,604.00,6.15,2.00
240,739.50,690.00,1112.00,675.50,1492.00,34.17,10.00
279,2362.62,693.00,1786.00,687.00,4248.44,137.87,442.00
585,589.71,587.00,620.00,587.00,620.00,0.00,7.00
588,536.40,562.00,644.50,556.00,644.50,0.00,10.00
711,563.67,560.00,575.00,560.00,571.00,0.70,9.00
733,624.50,632.00,1118.00,631.63,809.57,27.59,688.00
143,1023.91,488.00,35442.50,489.09,35552.00,0.31,1866.00
204,43985.30,631.00,1346455.50,626.61,1372514.80,1.94,117.00
256,8782.58,749.00,138266.00,738.70,260650.88,88.51,514.00
549,682.50,510.00,1129.50,510.00,1684.00,49.09,6.00
530,985.25,1064.50,1111.00,1064.50,1148.00,3.33,4.00
570,541.27,580.00,654.50,560.00,654.50,0.00,11.00
642,797.92,681.00,1189.00,830.95,862.85,27.43,87.00
797,611.00,611.00,611.00,611.00,611.00,0.00,1.00
805,628.00,628.00,628.00,628.00,684.00,8.92,2.00
365,6677.19,644.50,3281.00,647.13,148324.73,4420.72,272.00
2,660.69,580.50,4491.50,545.92,1277.45,71.56,364.00
285,575.88,623.00,916.50,578.33,928.74,1.34,365.00
376,18590.61,564.50,1313821.50,539.17,1339832.17,1.98,492.00
501,1570.24,808.50,3855.50,775.12,3801.00,1.41,96.00
541,549.75,649.50,701.00,649.50,703.00,0.29,4.00
827,712.42,766.00,908.50,751.18,837.29,7.84,33.00
539,550.83,556.00,580.50,559.00,577.50,0.52,6.00
789,739.57,741.00,821.50,717.00,866.00,5.42,7.00
429,957.78,736.00,1561.50,736.00,1562.40,0.06,829.00
540,653.22,663.50,731.00,669.50,732.00,0.14,18.00
557,792.67,693.00,1117.50,693.00,1117.50,0.00,6.00
787,842.14,754.00,1643.50,754.00,1647.07,0.22,79.00
659,570.00,614.50,667.00,614.50,677.00,1.50,4.00
675,730.47,556.00,7981.00,558.00,7877.49,1.30,131.00
781,591.17,624.00,746.50,579.50,816.00,9.31,24.00
800,1438.00,1438.00,1438.00,1438.00,1438.00,0.00,1.00
34,82395.34,918.00,1643355.50,1105.44,1598149.65,2.75,183687.00
109,1128.64,562.50,4629.00,562.50,8587.00,85.50,14.00
385,590.73,631.00,797.00,580.91,708.65,11.08,295.00
409,565.55,622.50,818.50,583.20,691.00,15.58,140.00
830,509.50,492.00,541.50,492.00,581.00,7.29,4.00
169,124693.27,584.00,1429512.00,597.00,1418661.44,0.76,971.00
366,538.20,546.00,793.00,575.84,682.68,13.91,75.00
424,840.40,775.00,1307.50,775.00,1326.00,1.41,25.00
480,285029.33,547.50,1450852.00,556.00,1519037.16,4.70,112.00
435,3839.03,674.50,2474.00,666.00,122176.96,4838.44,118.00
444,77099.54,621.50,994470.50,614.00,1011447.00,1.71,26.00
519,591.29,590.00,636.00,602.50,622.00,2.20,7.00
105,33545.95,546.00,1102191.50,538.67,1002126.00,9.08,450.00
310,2240.52,1426.00,2753.50,1645.38,8278.54,200.66,9529.00
378,629.19,651.50,783.50,635.23,703.53,10.21,108.00
391,1139.24,568.00,12725.50,493.46,7429.29,41.62,1188.00
758,576.01,590.00,802.00,585.50,723.47,9.79,416.00
824,574.50,574.50,574.50,574.50,590.00,2.70,2.00
826,595.00,595.00,595.00,595.00,595.00,0.00,1.00
84,75997.48,644.00,1503313.50,639.93,1500258.11,0.20,594.00
402,663.60,670.50,731.50,669.50,718.00,1.85,10.00
485,209100.60,609.00,1790344.00,621.00,1790883.22,0.03,89.00
614,570.31,571.00,691.00,581.50,583.29,15.59,16.00
194,5517.08,858.00,241681.00,932.14,235856.44,2.41,585.00
423,1833.34,797.00,2995.50,855.20,19364.40,546.45,82139.00
487,713.75,719.50,726.50,719.50,726.50,0.00,4.00
646,624.35,618.50,842.00,612.30,842.00,0.00,54.00
54,673.96,607.00,1712.50,613.67,2493.00,45.58,27.00
311,665.62,694.00,973.50,694.00,868.45,10.79,277.00
792,472.50,477.00,516.00,472.50,516.00,0.00,4.00
837,785.80,875.00,879.00,875.00,879.00,0.00,5.00
52,36740.81,565.00,1269070.00,563.13,1227158.62,3.30,7768.00
116,643.95,549.00,5519.50,555.43,5325.00,3.52,833.00
651,574.50,575.50,580.50,575.50,584.00,0.60,4.00
688,635.87,684.50,1467.00,549.47,1420.13,3.19,144.00
783,1306.50,1306.50,1306.50,1306.50,1897.00,45.20,2.00
207,904.88,696.00,1366.50,690.98,1391.07,1.80,1866.00
344,1491.79,639.50,883.50,607.29,782.46,11.44,586.00
355,2815.65,687.00,3450.50,660.86,3106.23,9.98,565.00
478,146112.09,578.00,1076801.00,568.00,1076812.00,0.00,22.00
602,574.58,569.50,666.50,569.50,679.00,1.88,12.00
738,5448.16,601.00,1777.50,604.72,18910.43,963.88,2154.00
261,670.64,695.00,977.00,695.50,902.86,7.59,200.00
339,2775.77,705.00,2996.00,703.09,2805.98,6.34,3056.00
490,734.98,700.50,2901.50,698.50,4487.76,54.67,62.00
510,786.77,694.00,1898.50,793.64,1876.75,1.15,320.00
730,678.00,680.00,682.50,680.57,680.67,0.27,6.00
320,2905.27,698.50,1480.00,686.33,4063.41,174.55,536.00
503,17839.25,592.50,345738.50,593.00,375171.00,8.51,40.00
714,553.00,559.00,612.00,555.00,640.00,4.58,11.00
828,740.08,734.00,946.50,734.00,953.00,0.69,13.00
161,616.00,609.00,822.00,618.11,850.00,3.41,45.00
582,669.00,669.00,669.00,669.00,669.00,0.00,1.00
829,580.48,581.00,724.50,581.67,726.00,0.21,21.00
887,693.44,675.00,868.50,673.28,787.50,9.33,16.00
243,602.21,606.00,790.00,601.10,793.76,0.48,249.00
29,1825.62,631.00,9914.50,600.14,9753.49,1.62,3650.00
138,1292.94,620.00,14400.50,666.35,9452.71,34.36,4823.00
764,644.33,611.00,1059.00,608.00,963.50,9.02,100.00
751,713.00,713.00,713.00,713.00,713.00,0.00,1.00
860,511.00,511.00,511.00,511.00,511.00,0.00,1.00
144,836.23,804.00,1589.50,831.88,1497.68,5.78,8901.00
154,677.12,685.00,916.50,669.91,894.92,2.35,858.00
165,924.37,769.00,2658.50,767.50,2660.58,0.08,84.00
609,708.00,708.00,708.00,708.00,708.00,0.00,1.00
908,568.00,568.00,568.00,568.00,568.00,0.00,1.00
186,4283.07,556.00,14535.50,556.17,16301.61,12.15,1717.00
587,921.40,518.00,1576.50,859.83,1918.00,21.66,5.00
871,643.20,661.00,671.00,661.00,673.00,0.30,5.00
882,597.30,630.50,769.00,598.34,719.20,6.48,10.00
752,771.90,559.00,4412.50,583.00,4579.24,3.78,58.00
909,821.00,821.00,821.00,821.00,821.00,0.00,1.00
911,712.50,712.50,712.50,712.50,712.50,0.00,2.00
139,883.11,501.00,1329.50,510.67,1596.95,20.12,9713.00
262,10894.17,588.00,331874.50,620.00,166416.25,49.86,161.00
622,694.10,697.50,825.50,678.17,845.00,2.36,10.00
897,553.00,529.00,602.00,553.00,662.00,9.97,4.00
635,562.00,562.00,562.00,562.00,562.00,0.00,1.00
794,809.00,809.00,809.00,809.00,809.00,0.00,1.00
40,5143.98,640.00,23836.00,653.23,23157.07,2.85,1510.00
382,598.95,576.00,903.00,576.00,927.00,2.66,19.00
528,592.95,591.00,728.00,588.00,752.00,3.30,40.00
581,549.22,548.00,591.50,551.09,580.00,1.94,9.00
628,587.00,587.00,587.00,587.00,587.00,0.00,1.00
351,1318.64,574.00,21994.00,571.67,39288.62,78.63,59.00
434,650.72,639.00,2673.50,647.32,2678.15,0.17,642.00
812,665.67,725.00,779.00,725.00,780.00,0.13,9.00
902,595.00,594.50,596.00,595.17,595.50,0.08,4.00
695,923.12,701.00,4882.50,714.29,3094.47,36.62,661.00
759,7148.63,523.50,275769.50,493.43,369103.03,33.84,166.00
7,681.19,652.00,1414.50,648.40,1181.85,16.45,1784.00
45,14102.25,571.00,612788.00,569.10,634651.37,3.57,1973.00
167,485.17,472.00,809.50,463.50,1801.49,122.54,284.00
437,806.67,676.00,5818.00,649.27,3861.45,33.63,1755.00
841,1066.09,866.00,1508.50,1045.73,1429.30,5.25,76.00
3,992.67,769.00,4462.50,799.33,4455.67,0.15,1629.00
179,1628.05,648.50,4034.50,652.00,4239.00,5.07,104.00
399,845.83,895.50,1053.50,895.50,1053.50,0.00,6.00
475,1342.65,946.00,2982.50,946.00,3514.00,17.82,17.00
182,8450.86,480.00,94130.50,489.46,104961.88,11.51,19688.00
313,67296.96,530.50,1649684.00,529.50,1649665.67,0.00,96.00
572,575.48,576.00,753.00,572.93,703.00,6.64,66.00
394,872.24,693.00,4106.00,689.49,2483.01,39.53,2342.00
691,856.33,777.00,948.50,777.00,1120.00,18.08,3.00
791,2038.69,618.00,2013.00,616.38,28410.88,1311.37,449.00
24,1423.42,1053.00,4082.50,1144.14,3588.12,12.11,16701.00
183,25694.57,606.00,1117616.50,600.50,1123795.73,0.55,584.00
263,692.50,727.50,743.00,727.50,744.00,0.13,6.00
377,5587.53,720.00,183617.00,848.31,241358.19,31.45,301.00
118,1401.88,644.00,1037.50,639.00,1203.73,16.02,3555.00
700,602.55,610.00,652.50,612.50,652.50,0.00,11.00
732,579.40,583.00,675.50,557.75,684.00,1.26,10.00
219,902.02,622.00,6181.00,638.33,4104.93,33.59,880.00
230,615.85,603.00,843.50,608.00,812.59,3.66,785.00
305,627.01,600.00,999.50,620.12,1353.10,35.38,163.00
449,538.98,550.50,647.00,545.00,607.26,6.14,108.00
31,622.61,635.00,1450.50,595.10,1311.81,9.56,263.00
274,266862.81,507.00,1862035.00,471.00,1886390.72,1.31,81.00
400,573.67,571.00,581.00,571.00,591.00,1.72,3.00
545,551.83,554.50,574.00,560.35,561.25,2.22,6.00
583,5641.08,645.50,77013.00,631.01,26024.44,66.21,152.00
739,758.00,577.00,3671.50,577.00,2589.67,29.47,31.00
152,850.63,708.00,3122.00,680.75,2724.37,12.74,5154.00
212,579.56,582.50,1093.00,592.00,966.64,11.56,1220.00
390,560.84,547.00,986.00,547.90,1058.00,7.30,146.00
482,18163.92,556.00,125810.00,555.67,133385.96,6.02,71.00
774,579.72,581.00,632.00,583.00,616.00,2.53,29.00
187,751.18,745.00,1258.00,760.00,957.52,23.89,346.00
420,3999.43,883.00,3310.00,880.20,138054.26,4070.82,341.00
576,693.00,693.00,693.00,693.00,693.00,0.00,1.00
601,528.98,560.50,684.00,532.69,610.95,10.68,354.00
147,583.49,600.50,864.00,565.50,863.60,0.05,638.00
155,548.50,511.50,901.00,525.30,869.75,3.47,946.00
779,749.96,742.00,916.00,743.25,915.60,0.04,124.00
492,842.48,761.50,2139.50,760.75,2151.00,0.54,54.00
605,664.06,611.00,894.50,642.20,1053.00,17.72,18.00
785,571.33,587.00,717.50,564.33,716.50,0.14,9.00
82,729.97,595.50,2606.00,597.62,2679.61,2.82,336.00
512,4782.82,567.00,23997.50,577.33,47317.00,97.17,11.00
227,687.55,611.50,1644.00,598.75,1638.31,0.35,144.00
329,738.55,760.00,911.50,783.50,893.76,1.95,62.00
901,612.00,612.00,612.00,612.00,612.00,0.00,1.00
455,44732.70,483.00,1571967.00,483.00,1609603.78,2.39,71.00
713,647.38,588.00,870.50,709.00,769.50,11.60,13.00
834,824.60,822.50,1059.50,822.50,1139.00,7.50,10.00
859,652.00,652.00,652.00,652.00,652.00,0.00,1.00
94,18966.56,561.00,738059.00,542.67,738914.08,0.12,254.00
159,766.04,605.50,1561.00,609.12,1465.56,6.11,438.00
314,2524.42,802.00,3514.50,783.72,249781.28,7007.16,654.00
676,667.80,661.00,975.00,659.73,910.61,6.60,283.00
104,64776.02,676.00,1496712.50,679.85,1101404.37,26.41,1745.00
722,502.56,526.00,638.00,519.00,631.72,0.98,73.00
210,568.04,566.00,1574.00,551.70,1131.24,28.13,277.00
555,601.25,590.00,628.00,590.00,651.00,3.66,4.00
553,562.25,547.00,837.50,543.80,679.38,18.88,219.00
592,682.60,651.00,845.50,651.00,845.50,0.00,5.00
706,1992.14,634.00,15059.50,655.00,29313.00,94.65,21.00
115,571.41,559.50,697.00,544.17,694.00,0.43,34.00
168,570.73,563.00,796.00,559.00,922.40,15.88,891.00
260,568.75,586.00,831.50,556.65,804.12,3.29,969.00
408,565.67,569.50,604.50,569.50,616.00,1.90,6.00
135,740.84,622.00,2380.00,627.98,2375.36,0.19,729.00
701,549.94,558.00,617.00,554.43,584.20,5.32,47.00
1,1142.87,800.00,2797.00,776.98,2733.34,2.28,13201.00
470,800.00,625.50,1496.50,626.50,2342.00,56.50,10.00
855,701.67,678.00,731.00,678.00,784.00,7.25,3.00
335,613.73,582.00,1336.50,590.77,1336.88,0.03,262.00
742,1047.24,611.00,3311.00,639.00,2526.00,23.71,99.00
814,630.00,630.00,630.00,630.00,630.00,0.00,1.00
428,6036.52,627.00,4022.00,645.00,147143.84,3558.47,251.00
443,714.94,735.00,1436.00,693.59,1437.58,0.11,307.00
149,608.55,561.00,1243.50,557.00,1723.49,38.60,535.00
156,1649.11,796.00,4608.50,781.90,4218.73,8.46,3671.00
348,1256.94,950.00,2117.50,1146.20,2027.38,4.26,47.00
369,892.58,636.00,3691.50,826.64,3314.37,10.22,160.00
229,604.12,571.00,719.00,572.00,731.60,1.75,65.00
287,2444.33,1832.00,5353.50,1803.84,13097.54,144.65,32564.00
535,569.32,586.00,679.50,590.24,679.55,0.01,185.00
670,5395.69,697.00,231844.00,702.67,241068.04,3.98,98.00
39,149525.25,751.50,1515672.50,781.14,1482686.02,2.18,1942.00
233,531.33,532.00,554.00,531.33,531.33,4.09,3.00
357,1024.16,772.00,4071.50,772.60,3974.33,2.39,123.00
481,669.73,693.00,746.50,694.98,940.10,25.93,108.00
671,583.36,584.50,753.50,586.67,755.70,0.29,56.00
6,624.99,597.00,1119.50,593.51,893.32,20.20,15483.00
100,697.81,699.00,933.50,694.00,945.63,1.30,673.00
195,517.96,475.00,797.00,501.40,728.42,8.60,342.00
430,3761.62,757.00,113996.00,750.83,141853.28,24.44,224.00
225,1131.47,665.00,1691.00,709.05,10901.80,544.70,46029.00
232,2074.28,588.00,1566.50,590.00,1588.34,1.39,159.00
571,532.93,529.50,678.50,514.50,698.00,2.87,14.00
600,478.33,477.00,494.00,478.33,511.00,3.44,3.00
211,742.72,711.50,1495.00,753.50,1197.07,19.93,170.00
396,573.40,604.50,730.00,580.55,729.85,0.02,182.00
417,581.14,546.00,1239.00,552.31,1261.56,1.82,76.00
191,716.24,729.00,896.00,722.92,859.26,4.10,424.00
566,712.89,648.00,1043.00,630.00,1390.00,33.27,9.00
649,507.33,608.00,608.50,608.00,609.00,0.08,3.00
804,112539.40,578.00,280510.50,579.00,560436.00,99.79,5.00
679,634.62,585.00,978.00,595.00,827.83,15.35,97.00
795,638.56,656.00,679.50,663.67,677.00,0.37,9.00
121,1985.69,598.00,1449.50,557.00,1272.13,12.24,694.00
302,657.42,594.50,1420.00,584.22,1413.26,0.47,96.00
479,164311.14,546.00,1224744.00,538.33,1110660.60,9.31,270.00
663,620.15,607.00,848.00,618.50,849.92,0.23,52.00
245,595.77,591.00,951.50,588.30,756.13,20.53,4393.00
253,23946.76,870.00,568455.50,859.27,680987.38,19.80,1287.00
560,592.50,570.50,706.00,569.63,715.00,1.27,26.00
598,636.00,667.00,670.00,667.00,673.00,0.45,3.00
610,801.25,530.50,1173.00,551.17,1734.00,47.83,4.00
120,11687.80,782.00,113737.50,852.92,255020.46,124.22,11004.00
249,620.91,584.00,1324.00,578.83,1228.00,7.25,81.00
360,93095.94,615.00,1558850.00,578.13,1575507.00,1.07,290.00
578,565.16,567.00,645.00,569.33,680.00,5.43,25.00
754,586.19,575.00,802.50,576.05,893.00,11.28,48.00
755,9838.54,764.00,277233.50,764.00,492549.77,77.67,61.00
265,2179.47,574.00,36966.00,576.00,36888.00,0.21,554.00
315,9477.20,3365.00,15970.50,3557.25,143345.92,797.57,5780.00
321,4015.04,637.50,2570.00,614.67,2436.42,5.20,212.00
625,688.00,688.00,688.00,688.00,688.00,0.00,1.00
208,594.08,588.00,814.00,583.50,871.60,7.08,52.00
589,614.33,600.00,831.00,591.79,757.00,8.90,39.00
847,745.62,706.50,988.50,743.20,821.40,16.90,8.00
853,678.14,674.00,691.00,676.00,689.00,0.29,7.00
299,609.73,566.00,889.00,555.83,922.00,3.71,22.00
364,584.58,577.00,977.00,544.50,1154.00,18.12,38.00
788,613.12,597.00,1029.00,597.00,1332.00,29.45,17.00
453,577.88,586.00,630.50,588.15,602.83,4.39,52.00
502,597.80,562.50,951.50,572.42,951.50,0.00,20.00
573,603.00,572.00,628.50,572.00,685.00,8.99,3.00
122,1172.32,744.00,6158.50,741.13,6180.26,0.35,961.00
668,18255.95,740.00,1016446.50,808.67,988826.07,2.72,421.00
757,782.27,789.00,1730.00,790.00,1683.88,2.67,86.00
878,567.50,554.00,674.00,539.90,719.00,6.68,8.00
26,657.49,549.00,1319.00,546.44,1301.38,1.34,56780.00
276,582.06,563.00,671.00,562.57,1803.92,168.84,334.00
324,639.33,630.50,860.00,621.83,877.00,1.98,18.00
431,958.13,659.00,9087.50,665.55,5439.08,40.15,575.00
615,600.00,600.00,600.00,600.00,600.00,0.00,1.00
112,1360.16,732.00,2632.50,696.43,2550.07,3.13,13646.00
177,608.88,633.50,743.50,633.50,747.00,0.47,32.00
203,582.14,566.00,1028.00,573.59,915.10,10.98,2275.00
307,1603.81,819.00,2562.50,930.52,2963.05,15.63,3229.00
506,933.00,933.00,933.00,933.00,933.00,0.00,1.00
250,3236.42,649.00,2675.00,621.00,76549.23,2761.65,1099.00
715,794.44,777.50,1032.00,780.50,998.50,3.25,16.00
756,815.11,766.50,1308.00,773.17,1330.00,1.68,36.00
867,666.00,666.00,666.00,666.00,666.00,0.00,1.00
136,14014.27,595.50,538494.50,594.00,538494.50,0.00,80.00
166,683.20,584.00,3061.00,580.60,3061.82,0.03,199.00
616,624.94,640.50,886.50,632.92,792.20,10.64,18.00
623,712.60,678.50,912.00,662.60,912.00,0.00,10.00
206,673.27,747.00,1286.50,692.00,1284.62,0.15,277.00
474,679.60,653.00,1474.00,661.30,1033.59,29.88,137.00
718,623.18,638.50,691.50,652.21,666.75,3.58,68.00
864,637.50,637.50,637.50,637.50,639.00,0.24,2.00
564,577.18,588.00,1494.00,592.96,1001.87,32.94,716.00
720,644.55,559.00,2981.50,557.00,2236.39,24.99,226.00
60,25150.58,619.00,1157972.50,630.00,976191.40,15.70,2570.00
141,864.43,837.00,1660.50,844.88,1469.77,11.49,21999.00
508,569.83,561.00,1098.50,573.12,1048.72,4.53,211.00
526,548.77,553.00,752.00,566.50,685.17,8.89,74.00
46,34043.80,668.00,922765.00,691.30,888066.50,3.76,18553.00
140,9078.03,630.50,54268.50,5094.32,50211.97,7.47,96.00
638,738.25,754.00,757.50,754.50,757.00,0.07,4.00
712,545.43,571.00,665.00,558.50,691.00,3.91,14.00
831,605.00,602.00,657.50,602.00,713.00,8.44,3.00
848,592.00,592.00,592.00,592.00,592.00,0.00,1.00
252,2926.14,561.00,734.50,552.70,721.84,1.72,436.00
317,564.51,579.00,810.50,566.00,710.91,12.29,408.00
361,587.64,555.00,1367.00,549.60,1182.56,13.49,127.00
412,2338.60,635.00,1791.00,632.81,15384.27,758.98,977.00
217,772.09,681.00,2003.00,679.53,2009.74,0.34,655.00
95,34778.37,539.00,1396755.50,516.90,1097608.34,21.42,1864.00
509,645.24,687.00,740.50,687.00,752.00,1.55,45.00
330,2335.19,452.00,978.50,465.83,91144.70,9214.74,215.00
728,571.45,559.00,670.50,581.04,585.00,12.75,11.00
845,606.80,569.00,715.50,569.00,750.00,4.82,5.00
257,17607.49,577.00,526597.50,572.83,650305.35,23.49,178.00
393,2287.32,574.00,25436.00,520.09,19047.54,25.12,681.00
594,378.18,301.00,837.00,342.30,770.25,7.97,67.00
653,686.78,678.00,737.50,677.67,793.00,7.53,9.00
64,17761.94,651.00,518771.00,727.23,515645.57,0.60,971.00
283,1095.00,784.00,1888.00,784.00,1899.00,0.58,11.00
726,596.00,581.00,959.50,580.33,1210.00,26.11,40.00
854,686.00,686.00,686.00,686.00,686.00,0.00,1.00
806,600.88,602.00,681.00,602.00,675.50,0.81,8.00
577,757.46,767.00,781.00,760.43,774.33,0.85,59.00
708,684.92,645.50,812.50,674.26,811.00,0.18,12.00
840,592.33,597.00,604.50,597.00,604.50,0.00,6.00
127,69140.39,558.00,1653028.00,578.00,1651443.39,0.10,786.00
295,9680.65,1154.00,373823.00,1154.00,550158.88,47.17,89.00
334,2280.41,655.00,3239.00,652.36,1901.85,41.28,493.00
637,644.50,646.00,696.50,644.50,644.50,7.47,4.00
296,9416.51,652.00,440744.00,713.77,341044.10,22.62,1270.00
387,29398.65,562.00,706799.50,560.00,1412598.00,99.86,49.00
486,597.55,576.00,861.00,577.33,981.00,13.94,38.00
176,1057.11,757.50,4250.00,755.00,4259.94,0.23,244.00
895,553.00,553.00,553.00,553.00,553.00,0.00,1.00
599,596.60,583.00,638.50,583.00,689.00,7.91,5.00
383,655.94,620.00,765.50,665.65,719.33,6.03,18.00
410,558.53,553.50,673.50,569.50,653.00,3.04,32.00
80,825.72,678.00,1934.50,682.56,1808.58,6.51,9419.00
654,673.00,669.50,678.50,669.50,686.00,1.11,4.00
873,480.00,480.00,480.00,480.00,495.00,3.12,2.00
546,686.33,680.00,890.50,708.33,886.00,0.51,15.00
70,63853.85,561.00,1464727.00,563.10,1016954.16,30.57,1379.00
318,2155.96,860.00,2879.50,804.00,2847.38,1.12,908.00
427,2590.94,563.00,3939.00,551.00,2907.42,26.19,275.00
753,782.00,782.00,782.00,782.00,782.00,0.00,1.00
771,615.42,621.00,691.00,623.50,662.00,4.20,12.00
65,567.31,561.00,718.00,558.55,727.78,1.36,129.00
178,638.88,600.00,847.00,601.08,844.16,0.34,558.00
441,666.12,613.50,1129.00,615.00,1062.50,5.89,16.00
404,1178.82,678.00,3537.00,678.00,3467.00,1.98,22.00
401,10704.08,608.00,27415.50,692.55,477817.37,1642.87,1370.00
568,665.00,665.00,665.00,665.00,665.00,0.00,1.00
821,766.00,610.00,1791.00,611.00,2669.00,49.02,16.00
99,1177.08,677.00,973.50,668.25,872.70,10.35,3116.00
277,1507.46,587.00,1213.00,587.25,1326.48,9.35,585.00
554,568.15,560.00,656.50,559.00,715.00,8.91,20.00
392,604.57,565.00,2249.50,570.33,1640.67,27.07,79.00
81,3886.27,606.00,1583.50,619.00,36206.94,2186.51,2614.00
707,598.75,599.00,630.50,594.28,626.50,0.63,8.00
425,979.94,673.50,4899.50,673.50,8153.00,66.40,32.00
786,420486.00,420486.00,420525.00,420486.00,420486.00,0.01,4.00
872,702.57,685.00,814.50,688.00,819.00,0.55,7.00
9,1400.12,598.00,4329.50,623.70,4200.47,2.98,23581.00
551,724.84,688.00,906.00,687.83,898.18,0.86,108.00
907,607.00,607.00,607.00,607.00,607.00,0.00,1.00
309,1941.55,800.00,3092.00,796.33,2619.02,15.30,453.00
801,522.00,522.00,522.00,522.00,664.00,27.20,2.00
114,1150.86,1018.00,2638.50,963.79,2302.87,12.72,991.00
247,770.06,748.00,1115.00,807.34,1014.83,8.98,639.00
368,29133.28,603.00,693117.50,633.50,826949.42,19.31,76.00
513,803.18,676.00,1819.00,613.73,1769.67,2.71,118.00
584,552.84,557.00,646.50,550.07,685.00,5.96,19.00
25,1044.39,623.00,1006.00,611.06,905.09,10.03,9067.00
86,4368.06,567.00,173786.00,514.94,177154.31,1.94,1898.00
438,810.97,643.00,3057.00,669.89,2983.90,2.39,360.00
489,538.50,600.50,880.50,537.75,1001.60,13.75,432.00
190,4403.59,604.00,55397.50,604.00,109984.00,98.54,29.00
215,514.58,535.00,561.00,528.67,562.00,0.18,12.00
495,602.65,576.00,871.50,578.50,912.44,4.70,54.00
750,541.50,558.00,615.50,544.70,576.00,6.42,34.00
92,14457.33,601.00,637083.00,602.76,566102.19,11.14,8066.00
717,519.00,519.00,519.00,519.00,519.00,0.00,1.00
724,667.93,634.50,2266.50,565.25,2027.00,10.57,92.00
876,996.00,996.00,996.00,996.00,996.00,0.00,2.00
880,680.00,680.00,680.00,680.00,680.00,0.00,1.00
164,607.14,607.00,731.50,607.00,732.00,0.07,28.00
518,617.15,598.00,870.00,600.60,894.30,2.79,73.00
101,7490.50,545.00,23231.00,542.38,13729.35,40.90,1751.00
223,604.84,663.00,802.50,648.00,801.82,0.08,421.00
736,716.83,589.50,2334.50,561.97,2296.00,1.65,36.00
255,725.80,800.00,836.00,739.33,834.12,0.22,147.00
422,2286.25,649.00,2965.00,668.17,2958.10,0.23,1319.00
450,53507.50,569.50,635505.00,569.50,635505.00,0.00,24.00
780,522.42,564.50,743.50,544.12,732.17,1.52,142.00
631,554.21,552.00,753.50,555.97,643.24,14.63,247.00
737,745.96,757.00,1141.50,743.67,1105.74,3.13,331.00
858,1536.60,1698.00,1769.00,1698.00,1785.00,0.90,5.00
593,906.00,957.00,1096.00,957.00,1140.00,4.01,6.00
681,1456.80,1458.00,2962.50,1635.79,2855.06,3.63,74.00
96,54501.64,544.00,1514316.50,523.42,1497070.73,1.14,1433.00
231,599.37,579.00,1000.50,579.50,1000.53,0.00,212.00
371,559.93,561.00,858.00,550.00,1168.97,36.24,239.00
532,570.67,562.00,616.50,563.75,622.00,0.89,9.00
12,730.61,710.00,1171.50,703.37,1325.16,13.12,526.00
184,556.83,566.00,1111.00,523.32,977.31,12.03,886.00
846,597.00,597.00,597.00,597.00,597.00,0.00,1.00
294,638.50,638.50,638.50,638.50,638.50,0.00,2.00
258,552.95,559.00,868.50,550.41,835.19,3.84,267.00
352,2368.83,3134.50,3528.00,3229.50,3494.00,0.96,24.00
729,460.83,510.00,702.00,511.62,611.67,12.87,23.00
160,826.01,660.00,5568.50,625.47,3965.75,28.78,3728.00
522,545.50,540.50,652.50,540.50,662.00,1.46,12.00
527,586.79,569.50,810.00,579.08,651.67,19.55,24.00
861,694.00,694.00,694.00,694.00,694.00,0.00,1.00
471,642.27,670.00,838.50,669.00,829.64,1.06,51.00
678,4793.87,2109.00,7993.00,2151.37,9258.76,15.84,2790.00
439,9273.42,727.00,50905.00,865.32,352004.82,591.49,219.00
244,682.41,622.00,1664.50,654.72,977.25,41.29,297.00
254,591.39,532.00,1580.50,539.45,2022.51,27.97,739.00
332,6982.94,692.00,322502.50,677.31,316631.52,1.82,497.00
341,76709.52,1016.00,1537294.00,1081.32,1536500.59,0.05,3414.00
98,861.34,586.00,1059.50,549.89,929.95,12.23,4432.00
266,736.06,730.00,971.00,718.96,1465.93,50.97,2233.00
271,4276.75,561.00,838.00,558.79,786.65,6.13,1433.00
499,607.83,523.00,970.00,527.58,1028.00,5.98,12.00
268,538.30,547.00,1502.50,532.60,986.81,34.32,922.00
272,1987.29,483.00,773.50,474.55,956.15,23.61,438.00
579,533.12,542.00,588.00,529.00,598.00,1.70,16.00
284,2822.94,663.00,1724.50,678.55,56321.94,3165.99,15696.00
331,591.12,601.00,1490.50,554.01,862.15,42.16,969.00
565,466.80,396.00,586.00,396.00,628.00,7.17,5.00
716,6355.19,680.00,1832.50,667.98,1358.80,25.85,2407.00
358,1231.56,564.50,27111.00,565.62,26757.83,1.30,198.00
561,645.92,644.00,673.50,644.02,671.00,0.37,37.00
905,580.50,572.50,598.00,580.00,598.00,0.00,4.00
817,2115.33,2122.00,2135.00,2115.33,2148.00,0.61,3.00
97,811.16,692.50,2878.50,696.50,2858.95,0.68,1030.00
397,603.66,598.00,1233.00,572.75,805.67,34.66,85.00
472,673.88,682.50,887.00,670.50,887.00,0.00,8.00
769,559.67,544.00,646.00,541.27,716.00,10.84,6.00
90,6814.27,433.50,37413.50,479.22,32073.56,14.27,952.00
111,187298.52,593.00,1491671.00,664.86,1434521.00,3.83,84.00
552,580.69,615.00,695.50,596.79,690.81,0.67,123.00
632,507.00,507.00,507.00,507.00,507.00,0.00,1.00
748,708.19,689.00,941.50,689.00,1124.00,19.38,21.00
456,600.60,575.00,679.50,600.60,625.67,7.92,5.00
796,875.50,875.50,875.50,875.50,1126.00,28.61,2.00
102,45713.30,597.50,1492338.50,608.02,1490686.40,0.11,834.00
289,581.75,597.00,700.50,604.00,694.28,0.89,143.00
316,1508.97,631.00,1216.50,625.92,971.40,20.15,2740.00
885,689.60,708.00,750.00,708.00,779.00,3.87,5.00
523,577.61,631.00,760.00,572.38,719.81,5.29,270.00
563,1273.80,1328.00,1840.00,1328.00,2297.00,24.84,5.00
704,626.80,579.00,1112.00,579.00,1591.00,43.08,15.00
889,599.00,599.00,599.00,599.00,599.00,0.00,1.00
61,1229.21,604.00,1344.50,612.15,1117.63,16.87,2824.00
83,43746.04,549.00,1153318.50,566.67,963420.34,16.47,2171.00
735,875.69,843.00,1767.50,844.00,2203.57,24.67,107.00
892,664.00,589.00,707.50,589.00,826.00,16.75,3.00
569,726.67,698.00,752.50,726.67,807.00,7.24,3.00
28,2178.57,1677.00,5955.00,1706.04,4956.44,16.77,17745.00
103,40152.71,626.50,1528939.50,630.77,1526011.00,0.19,846.00
200,89086.42,550.00,1500052.00,551.50,1519094.61,1.27,172.00
246,643.24,606.50,1379.00,587.50,1422.39,3.15,178.00
538,576.34,571.00,693.00,571.33,707.00,2.02,44.00
673,2152.06,970.50,2192.00,1003.52,1139.14,48.03,3230.00
687,705.33,702.00,716.00,702.00,730.00,1.96,3.00
73,46561.38,601.00,1476125.50,583.81,1087851.71,26.30,5035.00
133,38146.95,559.00,804805.00,557.00,814050.91,1.15,307.00
150,621.16,542.00,1073.00,538.98,894.01,16.68,9927.00
345,1266.15,729.00,1225.50,715.37,1234.20,0.71,793.00
88,1185.99,829.00,6503.00,895.90,3617.76,44.37,3185.00
388,610.50,615.50,701.00,622.00,719.00,2.57,8.00
881,731.20,737.00,806.00,745.25,806.00,0.00,5.00
18,836.97,651.00,1511.00,658.13,1637.80,8.39,23377.00
130,8171.70,560.50,4155.00,545.62,5847.53,40.73,810.00
379,644.41,650.00,857.50,641.74,792.33,7.60,76.00
547,638.75,644.50,811.00,641.54,848.00,4.56,20.00
108,3864.68,705.00,2222.00,692.60,2223.73,0.08,1091.00
463,553.55,561.00,995.50,559.71,962.95,3.27,149.00
808,604.05,605.50,632.50,604.42,623.00,1.50,64.00
68,17792.36,633.00,816824.00,630.28,744498.38,8.85,576.00
337,604.52,594.00,845.00,585.25,910.90,7.80,120.00
53,769.78,715.00,3024.50,708.33,1679.29,44.48,475.00
288,1969.91,605.00,1770.50,602.40,2486.24,40.43,2833.00
451,12672.65,606.00,323765.50,602.27,323770.42,0.00,236.00
493,1234.21,731.50,3864.50,731.50,4029.00,4.26,28.00
813,559.00,559.00,559.00,559.00,559.00,0.00,1.00
170,576.65,555.00,985.00,551.00,955.50,2.99,272.00
460,997.78,602.00,3968.50,605.68,8323.70,109.74,565.00
633,446.00,446.00,446.00,446.00,446.00,0.00,2.00
767,540.20,571.00,576.50,571.00,579.00,0.43,5.00
134,1361.47,685.00,2016.50,702.04,1834.23,9.04,2897.00
375,799.27,583.00,5433.00,585.77,5446.36,0.25,196.00
694,791.46,678.00,4152.00,661.58,3494.83,15.83,344.00
644,709.00,709.00,709.00,709.00,709.00,0.00,1.00
760,645.94,687.50,1141.50,613.33,1188.00,4.07,50.00
381,829.75,758.50,2062.50,825.85,1609.93,21.94,324.00
477,737.79,619.50,5838.00,622.89,3245.00,44.42,90.00
483,20176.21,587.00,969778.50,587.00,969816.27,0.00,99.00
515,1077.54,807.00,1770.50,830.33,1772.00,0.08,46.00
157,2083.53,888.00,51772.50,925.47,32245.94,37.72,20422.00
322,6136.08,607.00,4221.50,567.65,3934.74,6.79,697.00
643,621.30,607.00,720.00,607.00,720.00,0.00,10.00
661,661.24,713.00,972.00,587.79,959.30,1.31,80.00
608,633.80,660.00,692.50,617.50,702.00,1.37,10.00
683,668.43,670.00,808.50,681.07,726.00,10.20,49.00
835,643.50,621.00,714.00,621.00,761.00,6.58,4.00
421,678.10,625.00,1490.50,620.67,3122.93,109.52,174.00
866,556.07,562.00,665.50,562.00,751.00,12.85,14.00
59,649.20,665.00,781.50,668.00,763.56,2.30,201.00
77,2155.71,710.00,1014.00,696.60,993.18,2.05,520.00
354,38393.65,653.00,1471762.00,648.40,1478008.79,0.42,413.00
356,7982.36,806.00,29252.50,806.00,29397.00,0.49,25.00
66,9904.22,677.00,509779.00,651.89,458850.11,9.99,332.00
297,1546.59,727.00,1734.50,752.69,1760.89,1.52,481.00
476,592.50,567.00,691.50,567.00,716.00,3.54,6.00
896,605.40,640.50,689.00,599.60,646.00,6.24,10.00
620,526.71,521.00,612.00,532.12,587.00,4.08,7.00
10,1632.79,1134.00,3269.50,1179.43,5907.65,80.69,6898.00
291,1908.20,678.00,1362.50,674.03,25998.02,1808.11,4041.00
384,572.29,607.50,1497.50,558.60,813.23,45.69,1246.00
494,525.57,468.00,1622.00,449.93,1592.79,1.80,93.00
251,670.07,659.00,915.00,657.83,833.04,8.96,570.00
347,975.33,600.00,2676.50,593.25,2676.50,0.00,24.00
418,10536.26,740.50,390249.00,766.46,352067.24,9.78,318.00
43,2163.83,929.00,5673.50,990.51,4491.13,20.84,56657.00
350,632.77,628.00,771.00,647.05,722.65,6.27,169.00
660,1867.41,675.00,3167.50,679.33,3101.74,2.08,1069.00
447,580.27,571.00,891.00,571.67,891.00,0.00,45.00
596,981.08,627.50,5328.00,627.50,9901.00,85.83,24.00
603,613.08,607.00,675.00,604.67,662.40,1.87,39.00
464,754.64,685.00,1075.00,685.00,1007.00,6.33,11.00
507,1170.01,734.50,5864.50,880.93,2392.67,59.20,148.00
338,865.63,785.00,3302.50,741.50,3318.36,0.48,234.00
411,3988.13,1867.00,5196.50,1766.95,5109.97,1.67,3567.00
567,545.12,554.50,579.00,555.00,589.00,1.73,16.00
815,763.18,627.00,1646.00,628.00,1303.00,20.84,11.00
67,32932.75,709.00,1000684.50,788.35,942133.62,5.85,19094.00
151,616.85,604.00,1473.50,598.38,1398.35,5.10,1103.00
267,2665.19,606.00,1866.00,606.98,1261.71,32.38,1033.00
820,670.83,658.50,718.50,651.00,718.50,0.00,6.00
370,526.78,542.50,614.50,542.50,621.00,1.06,32.00
655,740.50,740.50,740.50,740.50,761.00,2.77,2.00
904,392.00,392.00,392.00,392.00,392.00,0.00,1.00
465,747.56,637.00,1352.50,637.00,1321.00,2.33,16.00
498,615.89,608.50,1646.00,588.65,1014.00,38.40,144.00
597,653.88,605.00,781.00,605.00,762.00,2.43,16.00
823,676.58,678.00,786.00,681.65,780.00,0.76,38.00
500,1270.00,863.50,1784.00,863.50,2641.00,48.04,4.00
725,679.00,620.00,961.00,620.00,1242.00,29.24,10.00
747,1039.73,731.00,6573.00,735.39,3337.50,49.22,55.00
44,41269.67,545.00,1334469.50,543.37,1317306.54,1.29,607.00
128,29935.69,550.00,1366543.00,567.00,1416217.80,3.64,95.00
363,581.57,570.00,618.00,570.00,650.00,5.18,7.00
398,619.21,600.00,1089.00,592.00,1151.28,5.72,119.00
189,53493.75,579.00,1349355.50,579.00,1345703.50,0.27,91.00
237,648.47,616.00,1302.00,623.00,1572.00,20.74,49.00
374,25318.28,565.00,483402.00,569.00,966076.00,99.85,39.00
709,601.50,601.50,601.50,601.50,628.00,4.41,2.00
192,578.74,622.00,952.00,556.47,845.27,11.21,545.00
202,688.18,694.00,857.50,691.50,808.64,5.70,248.00
349,614.67,576.50,2282.50,536.33,2160.44,5.35,452.00
353,557.57,553.00,693.00,548.00,681.56,1.65,58.00
618,624.90,563.50,896.00,643.00,703.00,21.54,10.00
91,1050.21,571.00,1653.00,570.65,3020.13,82.71,1224.00
303,2006.91,538.00,2748.50,537.52,3499.54,27.33,3941.00
445,696.00,696.00,696.00,696.00,696.00,0.00,1.00
606,537.42,579.50,1005.00,577.60,1204.00,19.80,48.00
484,608.67,604.00,634.00,607.00,618.00,2.52,9.00
586,11122.80,644.00,26935.50,620.67,53199.00,97.51,5.00
473,594.56,573.00,701.00,579.25,704.04,0.43,62.00
525,126729.89,563.00,857076.00,562.50,857076.00,0.00,18.00
692,771.20,768.00,819.00,768.00,866.00,5.74,5.00
682,705.14,671.00,1299.50,669.67,1336.00,2.81,21.00
777,573.85,573.00,1074.00,573.00,1057.12,1.57,78.00
36,1218.03,696.00,1004.50,694.20,1163.15,15.79,7191.00
290,2658.56,1063.00,5443.00,1159.53,18122.64,232.95,9920.00
306,597.57,603.00,639.50,611.62,657.00,2.74,7.00
461,543.60,546.00,602.50,545.36,594.90,1.26,215.00
689,685.00,694.00,775.00,678.76,724.67,6.49,21.00
898,549.00,567.00,584.00,549.00,549.00,5.99,3.00
180,23721.61,565.00,548712.00,565.00,548712.00,0.00,51.00
220,16009.38,582.00,637811.00,584.75,581681.87,8.80,744.00
612,624.37,657.00,761.00,667.00,761.00,0.00,30.00
640,595.33,600.00,601.50,600.00,603.00,0.25,3.00
185,43312.57,554.00,881277.50,541.85,881300.00,0.00,44.00
591,644.67,650.00,654.50,652.00,652.00,0.38,6.00
790,640.42,594.50,1123.50,594.50,1175.00,4.58,24.00
710,611.00,673.00,692.00,650.00,693.00,0.14,7.00
825,687.50,687.50,687.50,687.50,736.00,7.05,2.00
75,1283.86,772.00,5015.50,776.83,5015.50,0.00,95.00
119,1792.43,891.00,3260.00,902.80,6050.43,85.60,6088.00
327,819.51,682.00,1885.50,673.88,1351.32,28.33,427.00
362,702.67,651.00,740.00,702.67,728.50,1.55,3.00
201,63990.77,511.00,1692742.00,508.48,1690361.29,0.14,1446.00
537,609.17,623.50,701.50,618.33,758.00,8.05,6.00
626,545.00,545.00,545.00,545.00,545.00,0.00,1.00
912,905.00,905.00,905.00,905.00,905.00,0.00,1.00
373,22135.43,580.00,877456.00,591.50,769207.50,12.34,392.00
843,747.67,560.50,1180.50,560.50,1181.00,0.04,6.00
868,489.00,519.00,521.50,489.00,524.00,0.48,3.00
448,584.67,584.00,592.50,584.67,601.00,1.43,3.00
772,545.79,572.50,726.00,550.83,728.00,0.28,14.00
818,752.00,713.50,930.00,753.33,1017.00,9.35,4.00
832,537.00,537.00,537.00,537.00,538.00,0.19,2.00
129,51245.88,583.50,1386109.50,584.50,1445676.60,4.30,206.00
228,741.63,720.50,947.00,722.11,1004.40,6.06,206.00
436,785.74,643.00,5136.50,646.33,4794.87,6.65,227.00
888,580.50,580.50,580.50,580.50,585.00,0.78,2.00
886,636.00,659.00,673.50,636.00,636.00,5.57,3.00
13,710.00,631.00,1671.00,656.69,1402.92,16.04,10395.00
282,3153.71,709.00,2484.00,763.83,86064.30,3364.75,14575.00
517,508.16,564.50,738.00,540.10,573.00,22.36,44.00
669,733.22,597.50,2886.50,598.33,4670.00,61.79,36.00
126,22083.75,610.00,1146276.50,593.95,1147622.61,0.12,1162.00
520,29939.93,738.50,49549.50,707.25,702450.45,1317.67,104.00
630,567.67,566.00,569.00,566.00,572.00,0.53,3.00
131,886.01,693.00,5167.50,687.82,5259.26,1.78,592.00
865,531.67,570.00,570.50,570.00,571.00,0.09,3.00
78,1377.66,675.00,1115.00,698.59,1247.49,11.88,11485.00
193,582.04,560.00,1054.00,555.63,995.86,5.52,301.00
852,508.50,508.50,508.50,508.50,566.00,11.31,2.00
20,1978.99,635.00,6799.50,659.05,10839.94,59.42,15712.00
333,666.82,676.50,1775.50,667.66,1783.20,0.43,184.00
778,615.39,616.00,737.50,614.92,737.80,0.04,98.00
851,479.00,479.00,479.00,479.00,479.00,0.00,1.00
